--
-- PostgreSQL database dump
--

-- Dumped from database version 15.4
-- Dumped by pg_dump version 16.0

SET statement_timeout = 0;
SET lock_timeout = 0;
SET idle_in_transaction_session_timeout = 0;
SET client_encoding = 'UTF8';
SET standard_conforming_strings = on;
SELECT pg_catalog.set_config('search_path', '', false);
SET check_function_bodies = false;
SET xmloption = content;
SET client_min_messages = warning;
SET row_security = off;

SET default_tablespace = '';

SET default_table_access_method = heap;

--
-- Name: admin; Type: TABLE; Schema: public; Owner: dhanushit419
--

CREATE TABLE public.admin (
    id character varying(255),
    password character varying(255),
    img text
);


ALTER TABLE public.admin OWNER TO dhanushit419;

--
-- Name: cart; Type: TABLE; Schema: public; Owner: dhanushit419
--

CREATE TABLE public.cart (
    username character varying(255),
    id integer
);


ALTER TABLE public.cart OWNER TO dhanushit419;

--
-- Name: customer; Type: TABLE; Schema: public; Owner: dhanushit419
--

CREATE TABLE public.customer (
    username character varying(255),
    email character varying(255),
    password character varying(255),
    mobile_num character varying(255),
    address text,
    city character varying(255)
);


ALTER TABLE public.customer OWNER TO dhanushit419;

--
-- Name: favs; Type: TABLE; Schema: public; Owner: dhanushit419
--

CREATE TABLE public.favs (
    username character varying(255),
    id integer
);


ALTER TABLE public.favs OWNER TO dhanushit419;

--
-- Name: orders; Type: TABLE; Schema: public; Owner: dhanushit419
--

CREATE TABLE public.orders (
    username character varying(255),
    date character varying(255),
    id integer,
    name character varying(255),
    quantity integer,
    price integer,
    index integer
);


ALTER TABLE public.orders OWNER TO dhanushit419;

--
-- Name: products; Type: TABLE; Schema: public; Owner: dhanushit419
--

CREATE TABLE public.products (
    id integer,
    name character varying(255),
    price integer,
    discount integer,
    rating integer,
    description text,
    highlight1 text,
    highlight2 text,
    highlight3 text,
    imgurl text,
    seller character varying(255),
    keywords character varying(255),
    stock integer DEFAULT 10
);


ALTER TABLE public.products OWNER TO dhanushit419;

--
-- Name: reviews; Type: TABLE; Schema: public; Owner: dhanushit419
--

CREATE TABLE public.reviews (
    id integer,
    username character varying(255),
    review text
);


ALTER TABLE public.reviews OWNER TO dhanushit419;

--
-- Data for Name: admin; Type: TABLE DATA; Schema: public; Owner: dhanushit419
--

COPY public.admin (id, password, img) FROM stdin;
Athiyan123	Admin@123	https://i.ibb.co/TgjJt1x/Whats-App-Image-2023-08-01-at-22-31-45.jpg
Dhanush419	Admin@419	https://i.ibb.co/dm2tcW8/Whats-App-Image-2023-08-01-at-21-54-42.jpg
Shashi123	Admin@123	https://i.ibb.co/sR5hpH1/Whats-App-Image-2023-08-02-at-09-08-51.jpg
\.


--
-- Data for Name: cart; Type: TABLE DATA; Schema: public; Owner: dhanushit419
--

COPY public.cart (username, id) FROM stdin;
\.


--
-- Data for Name: customer; Type: TABLE DATA; Schema: public; Owner: dhanushit419
--

COPY public.customer (username, email, password, mobile_num, address, city) FROM stdin;
Dhanush419	dhanush123@gmail.com	123	9025635359	7/102,IndhiraNagar,Alanaganatham,Namakkal-637013	Namakkal Bro
akash	yuvaraina787@gmail.com	1	123	Kudiyatham townu , kudiyatham ooru ,vellore -600025	Kudiyatham
athiyan	marirajgm@gmail.com	123	7338997851	Anna nagar ,chennai - 600028	Chennai
Yuvaraj	yuvaraina787@gmail.com	123	9786814939	Room no :234 , Vaagai Hostel ,Anna university	Villupuram
ranjith	ranjith@gmail.	1	111	kalakuruchi	kalakuruchi
Yuvaraj Vetrivel	yuvaraina7875@gmail.com	1	12556568	chennai	Vilupuram
Raja	sdhanushk67@gmail.com	1234	1234567890	Japan main road, saradar patel road	Japan
Swathi L	swathi123@gmail.com	1	70153603	Chennai	Chennai
Empty mind 	emptymindandflow@gmail.com	1	7010053603	Cbe	Coimbatore 
Dhanush41	dhanush123@gmail.com	132	9025635359	7/102,IndhiraNagar,Alanaganatham,Namakkal-637013	123
Dhanush4	dhanush13@gmail.com	132	9025635359	7/102,IndhiraNagar,Alanaganatham,Namakkal-637013	123
Dhanu	dhanush123@gmail.com	yuu	9025635359	abc	chennai
shashi	dhanush567@gmail.com	123	567	a	c
shashi12	yuvaraina787@gmail.com	123	9025635359	7/102,IndhiraNagar,Alanaganatham,Namakkal-637013	Chennai
Dhanuh419	dhanush23@gmail.com	1234asdf	9025635359	7/102,IndhiraNagar,Alanaganatham,Namakkal-637013	Chennai
Dhnush419	dhanush123@gmail.com	1234asdf	9025635359	7/102,IndhiraNagar,Alanaganatham,Namakkal-637013	Chennai
Dhnsh4	dhanush3@gmail.com	1234asdf	9025635359	7/102,IndhiraNagar,Alanaganatham,Namakkal-637013	Chennai
Dhnsh47	dhanush@gmail.com	1234asdf	9025635359	7/102,IndhiraNagar,Alanaganatham,Namakkal-637013	Chennai
Dha9	dha3@gmail.com	1234asdf	9025635359	7/102,IndhiraNagar,Alanaganatham,Namakkal-637013	Namakkal
Dha93	dha3131231233412@gmail.com	1234asdf	9025635359	7/102,IndhiraNagar,Alanaganatham,Namakkal-637013	Namakkal
ush419	dhanu123@gmail.com	1234asdf	9025635359	7/102,IndhiraNagar,Alanaganatham,Namakkal-637013	Chennai
ush41	sbshashi003@gmail.com	1234asdf	9025635359	7/102,IndhiraNagar,Alanaganatham,Namakkal-637013	Chennai
trendify	trendifyecommerce@gmail.com	1234asdf	9025635359	7/102,IndhiraNagar,Alanaganatham,Namakkal-637013	Chennai
\.


--
-- Data for Name: favs; Type: TABLE DATA; Schema: public; Owner: dhanushit419
--

COPY public.favs (username, id) FROM stdin;
Dhanush419	2
Dhanush419	7
Dhanush419	8
Yuvaraj Vetrivel	8
Raja	1
Dhanush419	5
Dhanush419	51
Dhanush419	48
Dhanush419	19
Dhanush419	3
\.


--
-- Data for Name: orders; Type: TABLE DATA; Schema: public; Owner: dhanushit419
--

COPY public.orders (username, date, id, name, quantity, price, index) FROM stdin;
Dhanush419	2/8/2023	9	Mixer Grinder (3 jars)	1	3799	4
Dhanush419	2/8/2023	3	Poco -Xiamo Mobile Phone	1	29999	4
Dhanush419	2/8/2023	8	IQOO Z7 5G (Pacific Night, 128 GB)  (6 GB RAM)	1	21999	4
Dhanush419	2/8/2023	42	L shape sofa set	2	14999	4
Dhanush419	3/8/2023	8	IQOO Z7 5G (Pacific Night, 128 GB)  (6 GB RAM)	3	21999	5
Dhanush419	3/8/2023	1	Powerful and Portable Laptop!	1	58499	5
Dhanush419	3/8/2023	1	Powerful and Portable Laptop!	1	58499	5
Yuvaraj Vetrivel	3/8/2023	8	IQOO Z7 5G (Pacific Night, 128 GB)  (6 GB RAM)	1	21999	5
Raja	3/8/2023	1	Powerful and Portable Laptop!	1	58499	5
Dhanush419	4/8/2023	5	Fridge 	2	28999	6
Dhanush419	4/8/2023	8	IQOO Z7 5G (Pacific Night, 128 GB)  (6 GB RAM)	3	21999	6
Dhanush419	4/8/2023	4	Hoodies	1	199	6
Dhanush419	4/8/2023	3	Poco -Xiamo Mobile Phone	1	29999	6
Dhanush419	4/8/2023	3	Poco -Xiamo Mobile Phone	8	29999	6
Dhanush419	4/8/2023	4	Hoodies	2	199	6
Dhanush419	4/8/2023	13	Denim Shirt	10	699	6
Dhanush419	4/8/2023	4	Hoodies	10	199	6
Dhanush419	4/8/2023	4	Hoodies	1	199	6
ranjith	5/8/2023	23	Samsung smart tv	1	75000	7
Dhanush419	30/7/2023	2	Ethnic Wear Collection	1	999	1
Dhanush419	30/7/2023	8	IQOO Z7 5G (Pacific Night, 128 GB)  (6 GB RAM)	1	21999	1
Dhanush419	30/7/2023	13	Denim Shirt	1	699	1
Dhanush419	30/7/2023	27	Camaro remote control car	2	1000	1
Dhanush419	31/7/2023	7	Cooker	1	699	2
Dhanush419	31/7/2023	2	Ethnic Wear Collection	1	999	2
Dhanush419	1/8/2023	2	Ethnic Wear Collection	4	999	3
Dhanush419	1/8/2023	5	Fridge 	1	28999	3
Dhanush419	1/8/2023	6	Sweater	1	599	3
akash	1/8/2023	1	Powerful and Portable Laptop!	1	58499	3
Dhanush419	1/8/2023	49	oneplus11 5g mobile	2	59999	3
Dhanush419	1/8/2023	2	Ethnic Wear Collection	2	999	3
Dhanush419	1/8/2023	8	IQOO Z7 5G (Pacific Night, 128 GB)  (6 GB RAM)	1	21999	3
Dhanush419	1/8/2023	13	Denim Shirt	1	699	3
Dhanush419	1/8/2023	16	Hairband	1	374	3
Dhanush419	1/8/2023	77	sony dslr camera	3	87599	3
Dhanush419	1/8/2023	5	Fridge 	1	28999	3
ranjith	5/8/2023	52	asus rog laptop	1	99999	7
ranjith	5/8/2023	9	Mixer Grinder (3 jars)	1	3799	7
Dhanush419	6/8/2023	5	Fridge 	1	28999	8
Dhanush419	6/8/2023	4	Hoodies	1	199	8
Dhanush419	2/8/2023	6	Sweater	1	599	4
Dhanush419	2/8/2023	4	Hoodies	1	199	4
Dhanush419	2/8/2023	4	Hoodies	1	199	4
Dhanush419	2/8/2023	4	Hoodies	1	199	4
Dhanush419	2/8/2023	2	Ethnic Wear Collection	1	999	4
Dhanush419	2/8/2023	1	Powerful and Portable Laptop!	1	58499	4
Dhanush419	2/8/2023	8	IQOO Z7 5G (Pacific Night, 128 GB)  (6 GB RAM)	1	21999	4
Dhanush419	6/8/2023	3	Poco -Xiamo Mobile Phone	1	29999	8
Dhanush419	7/8/2023	4	Hoodies	1	199	9
Dhanush419	7/8/2023	3	Poco -Xiamo Mobile Phone	1	29999	9
Dhanush419	7/8/2023	19	Nikon camera	3	45000	9
Dhanush419	7/8/2023	2	Ethnic Wear Collection	2	999	9
Dhanush419	7/8/2023	4	Hoodies	1	199	9
Dhanush419	7/8/2023	4	Hoodies	1	199	9
Dhanush419	7/8/2023	9	Mixer Grinder (3 jars)	8	3799	9
Dhanush419	7/8/2023	3	Poco -Xiamo Mobile Phone	1	29999	9
Dhanush419	7/8/2023	5	Fridge 	1	28999	9
Dhanush419	7/8/2023	8	IQOO Z7 5G (Pacific Night, 128 GB)  (6 GB RAM)	7	21999	9
Dhanush419	7/8/2023	1	Powerful and Portable Laptop!	1	58499	9
Swathi L	7/8/2023	2	Ethnic Wear Collection	2	999	9
Dhanush419	11/8/2023	64	 greenlands grey travel bag	2	4599	10
Dhanush419	11/8/2023	70	birthday greeting card	2	159	10
Dhanush419	12/8/2023	19	Nikon camera	1	45000	11
Dhanush419	16/8/2023	2	Ethnic Wear Collection	1	999	12
Dhanush419	16/8/2023	19	Nikon camera	1	45000	12
Dhanush419	13/9/2023	48	iphone 14 pro max	2	149999	13
Dhanush419	13/9/2023	48	iphone 14 pro max	3	149999	13
Dhanush419	14/9/2023	2	Ethnic Wear Collection	26	999	14
Dhanush419	14/9/2023	48	iphone 14 pro max	2	149999	14
Dhanush419	14/9/2023	19	Nikon camera	1	45000	14
Dhanush419	14/9/2023	2	Ethnic Wear Collection	1	999	14
Dhanush419	15/9/2023	19	Nikon camera	3	45000	15
Dhanush419	20/9/2023	77	sony dslr camera	1	87599	16
Dhanush419	20/9/2023	4	Hoodies	1	199	16
Dhanush419	20/9/2023	2	Ethnic Wear Collection	1	999	16
ranjith	21/9/2023	2	Ethnic Wear Collection	1	999	17
ranjith	21/9/2023	19	Nikon camera	1	45000	17
ranjith	21/9/2023	49	oneplus11 5g mobile	1	59999	17
ranjith	21/9/2023	8	IQOO Z7 5G (Pacific Night, 128 GB)  (6 GB RAM)	1	21999	17
athiyan	21/9/2023	49	oneplus11 5g mobile	1	59999	17
athiyan	21/9/2023	2	Ethnic Wear Collection	1	999	17
athiyan	21/9/2023	49	oneplus11 5g mobile	1	59999	17
athiyan	21/9/2023	16	Hairband	1	374	17
Dhanush419	25/9/2023	54	white basic hoodie	3	999	18
Dhanush419	25/9/2023	2	Ethnic Wear Collection	1	999	18
Dhanush419	25/9/2023	8	IQOO Z7 5G (Pacific Night, 128 GB)  (6 GB RAM)	3	21999	18
\.


--
-- Data for Name: products; Type: TABLE DATA; Schema: public; Owner: dhanushit419
--

COPY public.products (id, name, price, discount, rating, description, highlight1, highlight2, highlight3, imgurl, seller, keywords, stock) FROM stdin;
9	Mixer Grinder (3 jars)	3799	10	5	Say goodbye to the clutter of multiple appliances! \nMIXIE combines blending, shaking, and stirring functionalities all in one sleek design, making it a breeze to whip up your favorite beverages in seconds	All-in-One Mixology Marvel	Precision Engineering for Perfect Sips	Trendsetting Design for Social Sipping	https://buythevalue.in/cdn/shop/products/pigeon-classic-pro-original-imafg3p8zjapmchk.jpg?v=1643361223	TRENDIFY PRODUCTS LIMITED	keywords... Mixie MIXIE mixie mixer MIXER MIX Mixer Mix mix	20
4	Hoodies	199	8	5	Introducing our cutting-edge hoodie, meticulously crafted with the finest materials for unrivaled comfort and durability.Discover the epitome of modern fashion and cozy elegance with our meticulously designed hoodie, tailored to elevate your style.	Stay cozy and stylish with our premium hoodies, perfect for any season	Embrace comfort and fashion with our trendsetting hoodie collection	Elevate your wardrobe with our ultra-soft and versatile hoodies	https://images.unsplash.com/photo-1578768079052-aa76e52ff62e?ixlib=rb-4.0.3&ixid=M3wxMjA3fDB8MHxzZWFyY2h8MTF8fGhvb2RpZXxlbnwwfHwwfHx8MA%3D%3D&w=1000&q=80	Trendify Products Limited..	keywords hoodie,Hoodie,hoodies,Hoodies,dress,men jacket,summer jacket,summer coat,ghilli ..	-1
8	IQOO Z7 5G (Pacific Night, 128 GB)  (6 GB RAM)	21999	10	5	Introducing the iQOO Z7 5G Pacific Night - a cutting-edge smartphone that combines performance and style flawlessly. With 5G connectivity, a powerful processor, and ample storage of 128 GB, it offers lightning-fast performance and ample space for all your needs. The sleek and stylish Pacific Night design is sure to turn heads wherever you go. Experience the future of technology with the iQOO Z7 5G Pacific Night!	Lightning-Fast 5G Connectivity:	Powerful Performance	Stylish Pacific Night Design	https://rukminim2.flixcart.com/image/832/832/xif0q/mobile/j/n/8/z7-5g-i2207-iqoo-original-imagz5yxghygfxwz.jpeg?q=70	Trendify Products Limited	keywords... phone mobile Mobile iqoo 5g 5g phone 5g mobile phone 5G	19
1	Powerful and Portable Laptop!	58499	20	5	Discover the ultimate computing companion with our high-performance laptop. Boasting lightning-fast processing speeds and ample storage, it effortlessly handles multitasking and demanding applications. The sleek design and lightweight build ensure easy portability, making it perfect for work or play on the go. Dont miss out on this cutting-edge device that promises to revolutionize your digital experience!	High Performance and Versatility	Sleek and Portable Design	 Long-lasting Battery Life and Enhanced Connectivity	https://www.digitaltrends.com/wp-content/uploads/2022/06/asus-vivobook-s-14x-top-front-view-e1654715077393.jpg?resize=625%2C417&p=1	Trendify Products lmted..	keywords lap,Laptop,Lap,laptop,computer,electronic,Computer	10
3	Poco -Xiamo Mobile Phone	29999	10	5	Experience the Future in Your Hands with TechRevolve Mobile - A cutting-edge smartphone that combines innovative features and sleek design for seamless connectivity and unmatched performance	Advanced Technology, Unparalleled Performance:	Stunning Design and Immersive Display	Capture the World Like Never Before	https://www.notebookcheck.net/typo3temp/_processed_/f/2/csm_4_to_3_Teaser_Poco_M3_Pro_5G_bac9bd0919.jpg	Trendify Products Limited	keywords mobile,Mobile,Phone,phone,cellphone,poco,electronics,Electronics mobile	20
7	Cooker	699	5	5	Introducing the Trendify Cooker: Where Culinary Excellence Meets Effortless Cooking! 🔥🍳 Unleash your inner chef with our cutting-edge cooker that's designed to elevate your kitchen experience. From scrumptious stews to delectable desserts, our cooker delivers precise, mouthwatering meals every time. Embrace the art of cooking with style and ease - Trendify Cooker, your recipe for culinary success!"	Precision Cooking Technology	Smart and Intuitive Interface	Space-Saving and Versatile Design	https://m.media-amazon.com/images/I/51niAJGEX4L._AC_UF894,1000_QL80_.jpg	Trendify Products Limited	keywords... cooker Cooker COOKER Cooker pressure cooker coffeepot milk pot	10
6	Sweater	599	4	5	Wrap Yourself in Cozy Chic - Embrace the warmth of winter with our Trendify Sweaters! Stylish, comfortable, and oh-so-soft, these fashion-forward knits are the perfect companions for chilly days and frosty nights. Elevate your wardrobe with our curated collection of trendy patterns and colors, designed to make you stand out in any crowd. Don't let the cold weather cramp your style; stay snug and effortlessly chic with Trendify Sweaters. Browse now and embrace the sweater weather in style!	Luxurious Comfort	Trendsetting Designs	Versatile Elegance	https://m.media-amazon.com/images/I/91gFpK+1XsL._UX342_.jpg	Trendify Products Limited	keywords... sweater SWEATER jacket JACKET Sweater Jacket	9
2	Ethnic Wear Collection	999	25	5	\n"Ethnic Wear Collection" is a captivating and diverse collection of traditional costumes that celebrate the rich cultural tapestry of various regions around the world. Each piece in this meticulously curated assortment represents the authentic attire worn by indigenous communities, showcasing their unique customs, history, and artistic expressions	Cultural Elegance Redefined	Vibrant Colors and Exquisite Patterns	Celebrate Identity and Heritage	https://e1.pxfuel.com/desktop-wallpaper/397/142/desktop-wallpaper-sai-pallavi-by-invisiblesmilesss-sai-pallavi-saree-thumbnail.jpg	Trendify Products Limited	keywords dress,costume,traditional wear,ethnic,Ethnic,saree,Women dress,women dress	48
5	Fridge 	28999	10	5	Stay Chill and Trendify Your Kitchen with Our Fabulous Fridges! Upgrade your food storage game with sleek designs, energy-efficient features, and spacious interiors. From smart technology to stunning styles, our fridges are the coolest addition to elevate your kitchen and keep your food fresher for longer. Don't miss out on this trendsetting appliance - Shop now and embrace the chill with Trendify!	Cutting-Edge Smart Technology	Energy Efficiency at its Best	Spacious and Versatile Interiors	https://www.cnet.com/a/img/resize/2d2e0487bdd32b0892ba5538b1b1219ba72f5be0/hub/2016/10/27/a11c03cc-bc86-427c-b200-fa5c9f4e2f20/lginstaviewproductphotos-8.jpg?auto=webp&width=1200	Trendify Products Limited	keywords...  FRIDGE fridge Fridge refrigerator Refrigerator REFRIGERATOR refrigerators Refrigerators REFRIGERATORS	25
12	Travel Bags	29990	10	5	Unleash Your Wanderlust with Trendify's Travel Bags: Where Style Meets Adventure! Jet-Set in Style with Trendify's Travel Bags: The Perfect Companions for Your Globetrotting Dreams! 	Unmatched Style and Functionality	Built to Endure the Adventure	Tailored to Your Wanderlust	https://images.lifestyleasia.com/wp-content/uploads/sites/7/2022/11/24103118/travel-bags-for-men-1.jpg	Trendify Products limited	keywords... Travelbags trolleybags TRAVELBAGS TROLLEYBAGS travelbags Tr	10
10	Raincoat	384	6	5	Embrace the Elements in Style with Trendify's All-Weather Wonder: The Ultimate Raincoat! 🌧️ Stay fashionably dry and trendy, no matter the forecast! Our sleek and waterproof raincoat is the perfect blend of fashion and function, designed to keep you effortlessly chic even in the pouring rain. Don't let the weather dampen your spirits – stand out from the crowd and turn heads with this must-have accessory for all fashion-forward individuals. Grab your raincoat now and make a splash wherever you go! ☔ #RainyDayStyle #TrendifyRaincoats #StayDryStayStylish	Waterproof Perfection	Fashion-Forward Design	Versatility Redefined	https://www.gethucinema.com/wp-content/uploads/2022/11/MaltiChahar-60.jpg	Trendify Products Limited	keywords... raincoat Raincoat RAINCOAT 	10
14	Sofa 3 Seater	11699	10	5	"Experience the Art of Relaxation: Trendify's Luxurious Sofas are the Epitome of Comfort and Style! Elevate your Living Space with our Stunning Collection - Sink into Plush Perfection and Unwind in Unmatched Elegance. Whether you crave Classic Sophistication or Modern Chic, Trendify has the Perfect Sofa to Suit Your Style. Embrace the Allure of Timeless Design and Indulge in Unrivalled Comfort Today!"	Unparalleled Comfort:	Stunning Design Options	Stunning Design Options	https://ik.imagekit.io/durian1985/Durian/durian/product/800x800/product_2022100615501665071413_93850.jpg?tr=w-796,pr-true,f-auto	Trendify Products Limited	keywords... Sofa SOFA sofa sofas SOFAS Sofas	10
15	Dining Tables	1998	8	5	Transform Your Space with Trendify's Stunning Tables: Elevate Your Décor Game!  Shop Now for Sleek Designs, Superior Craftsmanship & Unbeatable Style. Make a Statement with Every Meal and Gather in Elegance – Your Ideal Table Awaits!	Unmatched Style	Crafted to Perfection	Tailored to Your Taste	https://www.simplysofas.in/images/dining_landing_img1.jpg	Trendify Costumes Limited	keywords... Tables Dining tables diningtable Diningtable	10
17	Memorable Greeting Cards	187	1	5	Join the trendsetters who choose Trendify for the most unforgettable greetings. Elevate your heartfelt connections and inspire cherished memories with our delightful greeting cards. Embrace the magic of meaningful expressions today at Trendify!" ✨🎁	Unmatched Creativity	Personalization at its Finest	Premium Quality and Eco-Friendly	https://hips.hearstapps.com/hmg-prod/images/best-gift-cards-2021-1637270343.jpg?crop=1.00xw:0.652xh;0,0.160xh&resize=1200:*	Trendify Products Limited	keywords... Card,Wedding cards,WEDDING CARDS	10
11	T-Shirts (Buy1Get2)	499	67	5	Revamp your wardrobe with our exclusive T-shirts sale on the Trndify app! Discover a curated collection of trendy T-shirts, perfect for every style and occasion. From classic designs to the latest fashion-forward pieces, elevate your look with unbeatable discounts. Hurry, grab your favorites before they're gone!	Trendy T-Shirt Collection	Unbeatable Discounts	Versatile Styles for Every Occasion	https://data1.ibtimes.co.in/en/full/734443/mankatha.jpg?h=450&l=50&t=40	Trendify Products Limited	keywords... shirt tshirt T-shirt T-SHIRT Tshirt men wear dress menwear 	10
18	Stunning Sunglasses	299	10	5	Introducing our stunning sunglasses collection at My Trendify App! Elevate your style with the latest trends in eyewear. From classic aviators to modern oversized frames, we have something for every fashion enthusiast. Enjoy UV protection, polarized lenses, and premium materials for ultimate comfort and durability. Affordable and fashion-forward, our sunglasses are perfect for any occasion. Step out in style and protect your eyes with our trendy sunglasses today!	Fashion-forward Styles	UV Protection and Polarized Lenses	Affordable Luxury	https://e1.pxfuel.com/desktop-wallpaper/885/263/desktop-wallpaper-ajith-mankatha-new-stills-mankatha-ajith-mankatha-ajith.jpg	Trendify Products Limited..	keywords... sunglasses cooler glass cooling glass uv glass style cool glass	10
27	Camaro remote control car	1000	9	5	"Rev up your excitement with our Camaro Remote Control Car, now available on Trendify! 🚗💨 Experience the thrill of driving an iconic sports car from the palm of your hand. This officially licensed Camaro RC car boasts realistic design and precision controls, ensuring an exhilarating driving experience. Zoom through twists and turns with incredible speed and agility, and impress your friends with its stunning performance. Perfect for car enthusiasts of all ages, this RC car guarantees hours of fun and adrenaline-packed adventures. Get ready to hit the virtual road and be the envy of every racing enthusiast. Grab your Camaro RC car exclusively on Trendify today!"	Iconic Camaro Design	Precision Handling and Speed	Fun for All Ages	https://i5.walmartimages.com/asr/7d263f33-28f5-4712-a332-3741385814df_1.cb69ce94b6bbd3682a3e21cde37cbc5c.jpeg	Trendify private limited	keywords... rc car remotecontrolcar toys children 	10
13	Denim Shirt	699	15	5	Discover the timeless appeal of Denim Shirts on Trndify! Embrace classic style with a modern twist, as our curated collection offers a variety of denim shirts for men and women. From distressed to fitted, our trendy denim shirts exude effortless coolness and versatility. Elevate your fashion game with the enduring charm of Denim Shirts, available now at unbeatable prices!	Timeless Denim Appeal	Versatility at Its Best	Unbeatable Quality and Price	https://m.timesofindia.com/photo/91215509/91215509.jpg	Trendify Products Limited..	keywords...  shirt denim Shirts dress men menwear Meanwear jeanshirt jean jeancloth jeanmaterial clothes cloth	0
16	Hairband	374	19	5	Embrace Everyday Elegance with Trendify Hairbands! Elevate your hairstyle game and make heads turn with our stunning collection of hairbands. From chic and minimalist designs to vibrant patterns that pop, Trendify has the perfect hairband to complement any outfit. Whether you're styling your hair for work, a night out, or a casual hangout, our trendy hairbands are your ultimate fashion accessory. Say goodbye to bad hair days and hello to a world of style and comfort. Join the hairband revolution, be a trendsetter with Trendify!	Fashion-forward designs	Premium quality materials	Versatile and comfortable	https://i.pinimg.com/originals/91/7e/63/917e63a8bee8a2ae5b9dfbb7a94dfb7e.jpg	Trndify Products Limited	keywords... Hairband HAIRBAND band Band BAND 	9
20	Coffee cup	120	5	5	"Awaken your senses and elevate your coffee experience with our premium coffee cup, now available on Trendify! ☕ Crafted with high-quality materials, this sleek and stylish cup keeps your favorite brew hot for longer, ensuring every sip is a delightful moment. Its ergonomic design fits perfectly in your hand, making it a joy to hold and drink from. Ditch disposable cups and embrace sustainability with our eco-friendly and reusable coffee cup. Stay trendy while enjoying your daily dose of caffeine! Get yours now and savor the flavor, one sip at a time."	Superior Thermal Insulation	Comfortable & Stylish Design	Environmentally Friendly Choice	https://th.bing.com/th/id/R.02deb4b1f4f2bc1ccc258c4db9685517?rik=c6JH3Ysl0rNmUQ&riu=http%3a%2f%2ftheromantic.com%2fwp-content%2fuploads%2f2015%2f07%2fromantic-coffee-cups-tea-ideas.jpg&ehk=ouyMH3At9tM52u7jcnMo28c1cM%2bT6SeN06jrk7o3J90%3d&risl=&pid=ImgRaw&r=0	Trendify private limited	keywords... teacup coffeecup cup mug jug kitchen dinning	10
21	Philips trimmer	1500	5	5	"Unleash your style with the cutting-edge Philips Trimmer, now available on Trendify! 💈 Perfectly groom your beard, mustache, and sideburns with precision and ease. Our advanced trimmer technology ensures a smooth and comfortable grooming experience, leaving you with a fresh, well-groomed look every time. Enjoy cordless freedom with long-lasting battery life, making it your ideal travel companion. Embrace your unique style and make a statement with the Philips Trimmer, the ultimate grooming tool for modern trendsetters. Upgrade your grooming routine now, exclusively on Trendify!"	Precision Grooming	Cordless Convenience	Comfortable Grooming Experience	https://th.bing.com/th/id/R.604ca31b7162c986bc1cf858266e450b?rik=QDIqfgr9oCxSOg&riu=http%3a%2f%2fbestbeardtrimmerguide.org%2fwp-content%2fuploads%2f2015%2f02%2fnorelco-4014.jpg&ehk=%2bOJRWIQOQvmPAEfW6HcyBgbg6MjD%2f09%2b2X%2bnsJT79To%3d&risl=&pid=ImgRaw&r=0	Trendify private limited	keywords... trimmer shaving beard grooming style fashion beauty hair	10
22	cool sneakers	999	7	5	"Step into style and comfort with our trendsetting cool sneakers, now available on Trendify! 👟 Elevate your streetwear game with these sleek, eye-catching kicks designed to make a statement wherever you go. Crafted with premium materials and cutting-edge technology, our sneakers offer the perfect blend of fashion and functionality. Whether you're hitting the city streets or heading to the gym, these cool sneakers will keep you looking and feeling fresh. Don't miss out on the hottest footwear trend of the season – get your hands on these must-have sneakers exclusively on Trendify!"	Stylish and Trendy Design	Unmatched Comfort and Support	Versatile Performance	https://gearmoose.com/wp-content/uploads/2017/04/best-all-white-sneakers-for-men.jpg	Trendify private limited	keywords... sneakers shoe shoes slippers style fashion footwear whiteshoes chappals boots	10
24	 Boat smart watch	1100	4	5	"Discover the epitome of style and smartness with our Boat Smart Watch, now available on Trendify! ⌚️ Seamlessly blending fashion and technology, this sleek timepiece is designed to elevate your daily life. Stay connected on the go with instant notifications, fitness tracking, and heart rate monitoring. Whether you're navigating the urban jungle or exploring the great outdoors, the Boat Smart Watch is your perfect companion. Its durability and water resistance ensure it can keep up with your active lifestyle. Embrace the future of wearable technology and make a statement with the Boat Smart Watch. Get yours now, exclusively on Trendify!"	Fashionable Elegance	Seamless Connectivity and Notifications	Comprehensive Health and Fitness Tracking	https://i5.walmartimages.com/asr/f9664c9c-ac23-4326-a4c5-49108c5983f6.cb948f75bc2dc49cf596ee20a20648a1.jpeg	Trendify private limited	keywords... watch smartwatch electronics fitness health tracker	10
25	Hero helmet	899	4	5	"Introducing the Hero Helmet - Your Ultimate Adventure Companion! 🚀 Unleash your inner hero and conquer every thrilling moment with confidence and style. Our cutting-edge helmet offers top-notch protection, ensuring your safety comes first while you push your limits. With its sleek design and comfortable fit, you'll forget you're even wearing it! Whether you're cycling, skateboarding, or hitting the slopes, the Hero Helmet is the perfect blend of durability and fashion-forward aesthetics. Join the trendsetters and gear up for your next adventure with the Hero Helmet, available exclusively on Trendify!"	Superior Safety Features	Comfortable Fit and Sleek Design	Versatile for All Adventures	https://th.bing.com/th/id/R.86502a4d16c5b4f5014266f7521c6dd6?rik=zcBrywsASJgbvg&riu=http%3a%2f%2fwww.themotoexpert.com%2fwp-content%2fuploads%2f2016%2f02%2f81g0s6BeOHL._SL1500_.jpg&ehk=R2DasESShPLo5xOg%2f4aMf5FrutvOgBagK8yyjL2zXIs%3d&risl=&pid=ImgRaw&r=0	Trendify private limited	keywords... helmet safety bikeaccessories rider	10
26	Werner ladder	845	2	5	"Reach new heights with our premium Werner ladder, now available on Trendify! 🪜 Engineered for safety and durability, this top-of-the-line ladder is your ultimate tool for all your household and professional needs. Crafted with high-quality materials and precision engineering, it offers unmatched stability and support, ensuring you feel confident and secure while climbing. Whether you're tackling DIY projects, home repairs, or accessing hard-to-reach areas, our Werner ladder is your reliable partner for success. Upgrade your ladder game today and take your projects to the next level with this must-have tool, exclusively on Trendify!"	Superior Safety and Stability	Versatile and Reliable	Premium Quality Materials	https://images.homedepot-static.com/productImages/131f712f-5a15-4938-9d36-4cb855e5fb46/svn/werner-step-ladders-fs206-64_1000.jpg	Trendify private limited	keywords... ladder stool tools homeaccessories accessories	10
36	Air conditioner	74999	27	5	"Stay cool and comfortable all year round with our cutting-edge Air Conditioner, now available on Trendify! ❄️ Beat the heat with powerful and efficient cooling technology that creates the ideal indoor climate. Embrace tranquility and relax in a whisper-quiet environment, thanks to the silent operation of our AC. With smart features and remote control access, you can conveniently set your desired temperature from anywhere. Upgrade your living space with this sleek and stylish AC that blends seamlessly with any decor. Don't let the heat get to you - grab the trendiest Air Conditioner today!"	Powerful Cooling Technology	Whisper-Quiet Operation	Smart and Remote-Controlled	https://th.bing.com/th/id/OIP.PNEpGcfX2EEeVygTIuwr8wHaGO?pid=ImgDet&rs=1	Trendify private limited	keywords... ac airconditioner electronics air conditioner	10
28	Artifical jewellery	560	8	5	"Adorn yourself with elegance and style with our exquisite collection of artificial jewelry, now available on Trendify! ✨ Discover the perfect blend of craftsmanship and beauty as each piece is intricately designed to add a touch of glamour to any outfit. Our jewelry is crafted with precision and attention to detail, offering you the look and feel of real gemstones and metals at a fraction of the cost. From dazzling statement pieces to delicate everyday wear, our artificial jewelry caters to all tastes and occasions. Elevate your fashion game and make a bold statement with our stunning collection. Don't miss out on the trendiest artificial jewelry, exclusively on Trendify!"	Exquisite Craftsmanship	Versatile Selection	Affordable Glamour	https://th.bing.com/th/id/OIP.qtMqznA0ya7-5P57woehaQHaE9?pid=ImgDet&rs=1	Trendify private limited	keywords... jewel covering women chain earing gold jewellery necklace	10
29	Night suit	799	4	5	"Experience the epitome of comfort and style with our luxurious night suit, now available on Trendify! 😴💤 Crafted from the finest, softest fabrics, our night suit ensures a blissful night's sleep like never before. The elegant design and trendy patterns add a touch of sophistication to your bedtime routine. Whether you're lounging at home or drifting off to dreamland, our night suit embraces you in pure relaxation. Elevate your nighttime experience and indulge in the ultimate comfort with this must-have addition to your sleepwear collection. Don't miss out on the trendiest night suit in town—grab yours now, exclusively on Trendify!"	Supreme Comfort	Chic and Stylish	Unmatched Quality	https://3.imimg.com/data3/LK/WV/MY-105084/mens-night-wear-500x500.jpg	Trendify private limited	keywords... nightsuit suit dress pajamas pyjamas nightwear wear	10
30	EAFU power bank	999	5	5	"Never run out of power again with the EAFU Power Bank, now available on Trendify! 🔋 This compact and ultra-powerful portable charger is your ultimate on-the-go lifesaver. With its high-capacity battery, it can charge your smartphone multiple times, keeping you connected and powered up throughout the day. The EAFU Power Bank's fast-charging technology ensures speedy refills for your devices, so you can get back to what matters most. Its sleek design and lightweight build make it a stylish and convenient addition to your daily essentials. Don't let a low battery slow you down – grab the EAFU Power Bank today and stay charged wherever you go!"	High-Capacity & Long-Lasting	Fast Charging Technology	Compact & Stylish Design	https://th.bing.com/th/id/OIP.saqyc33wTGj3MJ2biWUH0AHaID?pid=ImgDet&rs=1	Trendify private limited	keywords... powerbank battery phoneaccessories electronics	10
31	Selfie stick	500	6	5	"Take your selfies to the next level with our must-have selfie stick, now available on Trendify! 🤳 Capture picture-perfect moments from any angle with this lightweight and portable accessory. Whether you're traveling, attending events, or simply hanging out with friends, our selfie stick extends to the perfect length, ensuring you and your group fit perfectly into the frame. Crafted with durable materials and a secure phone holder, you can snap selfies with confidence. Elevate your selfie game and create unforgettable memories with our trendy selfie stick – get yours now on Trendify!"	Extendable & Versatile	Secure Phone Holde	Lightweight & Portable	https://ae01.alicdn.com/kf/HTB19kekLXXXXXawapXXq6xXFXXXV/YunTeng-2288-YT-2288-Selfie-Stick-Portable-Handheld-Telescopic-Monopod-with-Bluetooth-Remote-Shutter-For-Gopro.jpg	Trendify private limited	keywords... selfiestick phoneaccessories accessories mobile photo video stick	10
32	Pendrive	899	4	5	"Unlock the Power of Portable Storage with our High-Speed Pendrive, now available on Trendify! 💻🔌 Carry all your essential files, photos, videos, and more in the palm of your hand with our sleek and compact Pendrive. With lightning-fast data transfer speeds, you can effortlessly move large files in seconds, making it the perfect companion for students, professionals, and tech-savvy individuals. Don't miss out on this must-have gadget to keep your digital life organized and accessible anytime, anywhere. Get your hands on the latest Pendrive now, exclusively on Trendify!"	Lightning-Fast Data Transfer	Compact and Portable	Versatile Compatibility	https://th.bing.com/th/id/R.e3682a212feb6d8e2a584387c64c3b37?rik=QhjXbasS2bbAbg&riu=http%3a%2f%2fwww.topicboy.com%2fwp-content%2fuploads%2f2018%2f05%2fPen-Drive-6.png&ehk=iYh%2fxW4Sks57Ikmix4Rpix%2f%2bQHbOHEqFteTaiWsP6is%3d&risl=&pid=ImgRaw&r=0	Trendify private limited	keywords... pendrive storage electronics accessories computers	10
33	Wired mouse	846	3	5	"Enhance your productivity and gaming experience with our top-of-the-line Wired Mouse, now available on Trendify! 🖱️ This ergonomic marvel is designed for precision and comfort, delivering a smooth and responsive performance in every click. Whether you're editing documents, dominating in games, or simply browsing the web, our Wired Mouse guarantees effortless control and accuracy. Say goodbye to batteries and enjoy uninterrupted use with its reliable wired connection. Upgrade your setup with this must-have accessory and elevate your computing experience to the next level! Get your Wired Mouse today, exclusively on Trendify!"	Precision and Responsiveness	Ergonomic Comfort	Reliable Wired Connection	https://th.bing.com/th/id/R.deba84a88be4c0ef9523b2cbdb1c0100?rik=gtculVfHVqMmpw&riu=http%3a%2f%2fbrain-images.cdn.dixons.com%2f4%2f0%2f21775704%2fu_21775704.jpg&ehk=k2TFvl%2fWDF9R%2fK1syRim3F1CCcfWXWILYqiSu%2bZn4tg%3d&risl=&pid=ImgRaw&r=0	Trendify private limited	keywords... wiredmouse mouse electronics computers accessories	10
34	Printer	4500	25	5	"Unlock a world of endless possibilities with our cutting-edge printer, now available on Trendify! 🖨️ Experience unmatched convenience and creativity as you print stunning photos, documents, and artworks right from the comfort of your home or office. Our printer boasts high-speed performance and exceptional print quality, making it the perfect companion for all your printing needs. With wireless connectivity and mobile printing capabilities, you can effortlessly print from your smartphone or tablet. Embrace the future of printing and elevate your productivity with our state-of-the-art printer, exclusively on Trendify!"	High-Speed Performance	Exceptional Print Quality	Wireless Convenience	https://www.bhphotovideo.com/images/images2000x2000/epson_c11cd77201_workforce_2650_all_in_one_printer_1076638.jpg	Trendify private limited	keywords... printer computer accessories print electronics	10
35	Logi speakers	5899	31	5	"Unleash the Power of Sound with Logi Speakers - Exclusively on Trendify! 🔊 Elevate your audio experience to new heights with our premium Logi speakers. Immerse yourself in crystal-clear, high-fidelity sound that brings your favorite music, movies, and games to life like never before. With sleek, modern design and cutting-edge technology, these speakers not only deliver impressive audio performance but also add a touch of sophistication to any room. Don't settle for ordinary sound; upgrade to Logi speakers and let the music move you! Get yours now and experience audio excellence like never before, only on Trendify."	Crystal-Clear Audio	Cutting-Edge Technology	Sleek and Sophisticated Design	https://th.bing.com/th/id/OIP.yR2GYhbK3NeiwRCBitrRAwHaHa?pid=ImgDet&rs=1	Trendify private limited	keywords... speakers tvappliances accessories electronics sound	10
37	Vacuum cleaner	4999	5	5	"Revolutionize your cleaning routine with our cutting-edge Vacuum Cleaner, now available on Trendify! 🌀 Experience the power of advanced suction technology that effortlessly sucks up dirt, dust, and debris from every nook and cranny. Say goodbye to traditional cleaning methods and hello to a cleaner, healthier home. Our Vacuum Cleaner's sleek design and lightweight build make it easy to maneuver around furniture and reach those hard-to-reach spots. Plus, with its superior filtration system, you can breathe easy knowing that allergens and pollutants are trapped, leaving your home fresh and allergen-free. Embrace the future of cleaning and elevate your home with our top-notch Vacuum Cleaner, exclusively on Trendify!"	Powerful Suction Technology	Sleek and Maneuverable Design	Advanced Filtration System	https://i5.walmartimages.com/asr/3bd5b218-083e-40fe-9093-51f088c624c3_1.fc3db26d9c09f7a3df459b0b0ce66664.jpeg	Trendify private limited	keywords... vacuum cleaner home appliances electronics	10
38	Samsung sound bar	25999	10	5	"Elevate your audio experience to new heights with the cutting-edge Samsung Sound Bar, now available on Trendify! 🎶 Immerse yourself in rich, cinematic sound and transform your living room into a home theater with this sleek and powerful device. Whether you're enjoying your favorite movies, streaming music, or gaming, our sound bar's advanced technology delivers crystal-clear audio and deep bass, taking your entertainment to the next level. Plus, with its seamless wireless connectivity, you can easily connect your devices and enjoy a clutter-free setup. Upgrade your audio game today with the Samsung Sound Bar, your ticket to an unforgettable sound adventure!"	Immersive Cinematic Sound	Deep Bass and Clear Dialogue	Wireless Connectivity Made Easy	https://m.media-amazon.com/images/I/71e6vs9AyaL.jpg	Trendify private limited	keywords... samsungsoundbar  soundbar samsung electronics tv tvaccessories audio sound	10
39	Sony home theater	29999	11	5	"Transform your living room into a captivating cinematic experience with the Sony Home Theater, now available on Trendify! 🎬 Immerse yourself in stunning surround sound and crystal-clear visuals that rival the movie theater. Elevate your entertainment nights with powerful audio, bringing action scenes to life and making dialogues crisp and clear. With seamless connectivity options, stream your favorite shows and movies effortlessly. Sleek design and user-friendly features make this Sony Home Theater a must-have centerpiece for any entertainment setup. Upgrade your home entertainment today and enjoy a theater-like experience in the comfort of your own home. Get yours now, exclusively on Trendify!"	Immersive Surround Sound	Stunning Visuals	Seamless Connectivity	https://5.imimg.com/data5/PL/HX/MY-33574155/sony-home-theater-system.jpg	Trendify private limited	keywords... sony home theater sonyhometheater tvaccessories sound audio movie hometheater	10
40	One sports shoe	1799	5	5	"Step up your game with the ultimate sports shoe – introducing the One Sports Shoe, now available on Trendify! 🏃‍♂️ Engineered for peak performance and unmatched comfort, these shoes are designed to elevate your athletic experience. The advanced cushioning technology provides optimal support, reducing impact on your joints and maximizing energy return with every stride. Its sleek and stylish design ensures you'll stand out on and off the field. Whether you're hitting the gym or conquering the track, the One Sports Shoe is your perfect companion. Embrace the next level of athleticism and get your pair exclusively on Trendify today!"	Advanced Performance Technology	Unparalleled Comfort	Stylish and Versatile	https://sslimages.shoppersstop.com/sys-master/images/hfb/h4e/17529721258014/AWPU19539902WH_WHITE_alt1.jpg_2000Wx3000H	Trendify private limited	keywords... One sports shoe Onesportsshoe onesportsshoe One sports shoe sportsshoe sportshoes Onesportsshoes	10
41	Round Nylon umbrella	499	0	5	"Embrace style and practicality with our Round Nylon Umbrella, now available on Trendify! ☂️ Shield yourself from the elements in fashion-forward elegance with this chic and reliable accessory. The durable nylon canopy offers superior protection against rain and UV rays, while the compact design ensures easy portability. Stay dry and trendy wherever you go, whether it's a rainy day in the city or a sunny stroll on the beach. Elevate your fashion game with this must-have umbrella. Get yours now and be prepared for any weather, exclusively on Trendify!"	Fashion-Forward Design	Superior Weather Protection	Compact and Portable	data:image/jpeg;base64,/9j/4AAQSkZJRgABAQAAAQABAAD/2wCEAAoHCBESERIRERIREREYGRgSGBgRGBIREhESGRkZGRkZGBgcIS4lHB4rHxgZJjomKy8xNTU1GiQ7Tjs0Py40NTEBDAwMEA8QGhISGjQhJSE0NDY0NDQ0NDQ0MTQ0NDE0NDQ0NDQ0NDQ0NDQ0NjQ0NDQ0NDQ0NDQ0NDQ0NDQ0NDQ0NP/AABEIAOEA4QMBIgACEQEDEQH/xAAcAAEAAAcBAAAAAAAAAAAAAAAAAQIDBQYHCAT/xABBEAACAQMBBgEKAwUFCQAAAAABAgADBBEhBQYSMUFRYQcTIjJCcYGRocFScrEUYtHh8CNEoqOyFSQlNGOCg5Lx/8QAGAEBAQEBAQAAAAAAAAAAAAAAAAECBAP/xAAjEQEBAAICAgEEAwAAAAAAAAAAAQIRAyESMUEEEzJRImGB/9oADAMBAAIRAxEAPwDa93tW2onhrXFCk2AcVHRDg6A4J5S0bV312dQpvUFzQrMo4hTo1KT1H8FHFjMum0NjWtxn9ot6FYkcOaiI7Y7BiMiaS373IbZz+dpKXs2OFYjLUWPJHPUdm68jrzlZyyuM3Iz638qlk68f7PdheRPDQPD7wKmRPWnlN2YebV0/NSc/6czRNNuE5XCnuNJ6FqhueAfoZN1z/erfFHyh7Jb+88P56ddfqVnuo74bNfle23/c6p/qxOeykljZOe/p0pR2xav6lzbv+WpTb9DPYlRTyYH3EGculfCEYrqpKn93Q/SXbX3/AOnUsTme32xd0/UurlPyVaqj5BsS7W2/W1KfK7dx2qLTf6lc/WNrObH9OgomlLXyp7QX10tqg/K6H5hsfSX6w8rVI4Fxa1E8aLrUHybh/UxtucuN+WzZGY7srfLZ10QtO5phzpwVc0nJ7APji+GZkIMrcsvpGIiFIiICIiAiIgIiICIiAiIgIiICee8tKdam9KqqvTcFWVtQynmJ6Igc6b77rPs244fSe2fLUnOuR1Rj+NfqMHuBjWZ0zvJsSlfWr21UaNqrD1qbj1XXxB+YyOs5t2nYVLavUt6o4alNijDoexHgRgjwIkc3Jhq7iWnXI0Oo+onqGCMg5EtvFJkqFTkfyMaeVj3ESUiRpVQ/LQ9pOVhj0pESUiVSslIgSSEnIkpEKlzLzsfem+tCPMXDhB7DnzlIjtwty+GDLNiCIWWz029sHyq0Xwt7TNFuXHS4npnxK+svw4psKyvaVdBUo1Eq0zyZGDKfiJy6Zcth7furKp5y2qFD7Sn0qdQdnTr7+Y6EQ9seaz8nTMTDd0N+7a/xTfFC5/Ax9Goe9Mnn+U6jx5zMpXRLLNxGIiFIiICIiAiIgIiICIiAiIgQmr/LFu35yku0KS/2lIBKoHt0c+i3vUn5Mewm0J4tq0nahURKdOszKU4KrGnTcNoQzBWIGCehhLNzTlYGMy87ybsXOzqvm7hAqtko6MXR17BiBkjIByAeuMGWcLDlymroDkHI0M99tccfonRvof4GeEH+tJHjPc/MyWM2SroRIFZ57e59lz7j/GesiHnZpTIkpEqESBEClwyUrKuJFUJ5AmB5yJArPYtqx54H1/STrZDqSfkJNm4twyCCCQQcgjQgjUEHoZtTcXykZK220HGdFS4bQHstXt+b59zr8WqD2fnkyDW6fhX5RtvHk8b06YkZobYm9t9ZhadOpx0l0FOsONQvZT6yjwBwO02purvZQv14R/ZXCjLU2OT4sje0v1HUDSWV1Y8uOXTJoiU6lRVBZiFUAkliAABzJJ5CV6KkSwbB3nt7+pcLaio9OiVU1sYo1HbOVQk5bAAOcY1B5EE3+AiIgIiICIiAiIgIiIFt21siheUWoXCB6bfBlPRlPRh3nPu+O6dfZlXhfL0GJ83VAwrdeFvwuB068x1x0nPDtTZtG6ovQr0xUpuMFW+hB5gg6gjUQxljLHLEhMm323Sq7NrYOXtnJ81Uxz68D40DgfAjUdQMYhz2WdVHM99lcew5wPZJ6HsT2lvzIhiM4J10PiO0lSza9KvF6uCO4IIlVbU9T8pbrC/4PRYZXw5r7vCXxGVgGUhlPIiSvLKWKS26jpJ+GTyBEjCUiQIk2JDECXEhiTQYVKVlSzualGpTrUmKVEPErDofHuCMgjqCZLAEiyt47A3jo3Vr+0llp8APngxAFFlGWyT7ONQe3xmud4NtXO27kWNkGW2PpYYFQ6dbi46hPwUzqxwxHqiYo4JR0DMqtgMAcBwpDKGHJgCAcHIm1PJg1ktuadFibpj5y4NXHnqr/iHdBnAA5Z11JzqXbr4+Ty6vtk27mxqVjbU7WiPQQak+tUc6szeJP8Oku0RNPciIgIiICIiAiIgIiICIiBb9r7Mo3dCpb3Ch6bjBB0IPRlPRgdQehnO2+G7NXZtyaT5ek2WpVMYFRex7OMgEe48iJ0xLPvJsGhf2z29caHVWGOOk45Op7j6gkcjDOWO45giXLeLYdewuHtq49JdVYZ4KqH1XXwOOXQ5HSWuHPZrpNPTZ3jUzldVPNTyP8DPJGYSzbK7e4V14kPvHVT2MqTFre4ZG4kOO/YjsZkVndrVXK6MPWXqv8pizTxzw12rGJGQxDCUyWVJCQSREQqOZPRrMjq6Myup4lZSVZT3BlMxCtwbk71/timjWwtygzpotZOXEo6EaZHiD4DL5z1svaDWtencJkmmwfA04l5MvxUkfGb62de07iklakwam4DKR28R0I5EdCJrG7dnFn5TV9x7IiJp7EREBERAREQEREBERAREQMa313WpbStzTbCV0y1GpjWm56HurYAI9x5gTnG/tKlCrUo1lKVUYowPMEfqOoPUEGdZTXHlY3QW5om+pcK3FFSXyQorURrgk+0upHfJHbBjLHbRkjmKaFtR6vfvPQqAcuffrDwt0kSkeunh1nqouUwV9Ejt/WspZjMjFu1+tboOOzDmPuPCV5jaOVIIOCJerO7DjB0ccx38RJY88sdPTJTJjIGZYSmQkTIQpERAkq+qZftyd7H2fU4KhZrRz6a6k02PtoP1HUeI1x+sdAJRYSxvDK43cdK0K6OiujBkYBlZSCrKRkEHqMSrNQ+TXeo0XWxrt/YscUmblSqE+oT+Fjy7N79NvTUd2OUym0YiJWiIiAiIgIiICIiAiIgJ57q3SqvBUVHXIbDgMvEpDKcHqCAfhPREDBN8vJ7QvA1a34be755AxSrH99RyP7w175mlNqbPrW1V6FwjU6i81bqOjKeTKehGk6lMsG9W7FvtGj5uqOGoufN1FA46TH9VPVevgcER558cvc9ubcxmXPeHYVxYVzQuFw3rKwyUqpnHEp6juOYlqlc9muqjmSGuysOH1s5HhJaj40HOETHiZFk13WRWN4Ki4bAcDUDkfET1TGEcqQQcEagy+WV2KgwdHHMd/ETNmnlnjruPQZCTyUwwhERAovz933/oSUiTePfWQIhVJhN1eTzeM3lv5uq2bilhWJ51E9l/fpg+Iz1E0wRLruttU2d5Rr5wmeCp2NFiA2fdo3vUSyvXjz8a6EiQBkZp2kREBERAREQEREBERAREQEhIxAs28ewLe/oGhXXPVGXR6T9GU9D4cjyM513n2PUsLp7WoyVGXBDIchkb1WI5qcc1PLxGCd2b+b5fsSi2tR56/qYVEUcfm+LRWZRzJPJevuls2B5M6RtqzbRLVr24HE9Ti4mt2OvoN1bPNtQeXLOYxljK0giY16yeXjefd6vs64NCsMg5ZHUEJWT8S9j3Xoe4wTZpXPZd9oyKOVIZTgjUESSIZZDZ3YqL2ccx9x4T0TGrZmDBlOMfr290yC2rh1yNG6jt/KYs0xnjpUktTl79JPKb6n3fqf6+sMJcSMjiQxCpCJKwlQiSEQN4+T/af7Ts+iWOalPNB86nip4AJ8SpU/GZNNVeSK+4atzbE6Oq1lH7yHgf5hk/9ZtWajv475YyoxEStkREBERAREQEREBERAhMP363xWwpilRHnb2pgU0ALcPEeEO6jU66BebHTuRV313sTZ9MKgFS6fSnT56nQMwGuM8gNWOnci27kbo1EqHaO0Cal/UywD4bzHEMe7jxppoo9ESM2/ETbibnvbs1/fE1doVcsSxDGgG5jPIueRI0A9EaZJzuJGVZNLLvLsChtC3a3rjT1kcY46T40ZT38ORGROdt49hV7C4e3rjUao4zwVU6On3HQ5E6imO747sUtpWxpPhaq5alUxk038e6nkR9wDDOWO45qkP1nq2nYVbatUt66FKtM8LDmO4IPVSCCD1BEo0V6/L3Q8PXtURcDEr0ahRgw5/rKYkRI818pVA68Q+PgZKvfvrLZbVSrDlg6NnOAO/vl3GJljKaS4kMSbEgRDKUiSkSoZKRCr3uNdea2latnAZjSPudSo/xcM3vOb7av5t6dUew6VNOfoMG+06PUyx18F6sTRETT3IiICIiAiIgIiQgJjW+G9VLZ1HJ9O4fSnT6seXE2NeEH58h4VN7d56Oz6BqOQ1Q54EzguR1PZR1Pw5mY7ubu1WrVv9q7TBa5c8dKm40oL7LMvRscl9n83KM296ipuXupV84dp7Sy95UPEiP/AHcHkSOj4wAPZGBz5Z/EjKsmiIiFIiIGB+UTcptpGi1EU6dZOINVcsOKmBlaZCjJyxzn2cNzzNM7X2NcWdU0bmm1NuY6o68uJGGjD+tJ1DLZtrYtveUjRuKYqLzB5MjfiRuamHnnh5OZRJhMm3w3MuNnPxHNW1Y4WqByzyWoPZbx5H6DGgJHPZZdVET1Wt1w+i3q/wCn+U8sGGbNr1I4lvsrrHoNy6Ht4e6XCZedmkCJKZPIEQik65BHcETojZFbzltQf8VNH+ag/ec9Gb43Pfi2dZn/AKNMfJQPtLi6fp73V5iRiadRERAREQERECEsW9O8VHZ9BqtQgschEzguw/RRpk/qSAam8e3qNhQatWI68K5ALt2HYdz9yAcP3Y2BW2hXG1dpg8OjW9BhhVUaq7KeQHNVPvOSdYzb8RU3V3crXdddqbTBaqfTo0nGEpL7DFD1GpAPLQ6tkjYsREmlk0jERKpERAREQEREChc26VEanUVXRgVZXAZWU8wQeYml9+twXtOK5tQz2vNk1d7cd+7J48x17zd0gRnQwxljMp25YkDNmb/7geb47uxQmnq1Siozwd3pj8PUr06aaDWcjmyxuN1UsuNjdAkIx9L2fEDpPAZ56jYYEaYHyOf5Sa2zrbJCJAieexuvOLr645+PjPVI8rNKZm79xDnZtr4IV+TMPtNJMJunyenOzLf/AMg/zXjH29/p/wAqyaIibdhERAREQIS17d21RsqDVqzAKOQyAztjOBMd3430pWdOpQoVA15oNAGFAHBLOTpnB0XnqNMTW+57VNp7QoUK6eftqI4mRW4aagEZdw5JfifVh7TPmS39M3LvUZlu9satta4Xae0ARbA8VtQYHhdRqrsp9nqB7XPlz2ZIAYk0RZNEREqkREBERAREQEREBERAhNUeUPcPHHe2SaatVoqPiXpgfVfiOx2vEM5YzKarlbM8jH0m+X0mz/Kfud5hjfWqYoMf7VVGlFyfXA/CxOvY+B01arZ17kn6yRz3G47lV6FQowZeY+vhMhoVQ6hl/wDh7TG1nssrnzbfunQj7yWPLKbXozcXk0bOzaQ7PVH+Yx+809z1HLnNueTA/wDD8dqtQfofvJj7b4Py/wAZjERNuwiIgQmGb974/wCz1WnSVXuHUsMn0aScg7Aatk5wNPVOve6727ZqWVm9zTpeeK4BySFpg6cbY1KjTOO/MDJHP93dXW0brhUNXuazYwOp/RVA+AAkrGVvqK2z7K42perbo5NSoxd3b0uBc5eo2Pfy0ySBpmb93Z3cttnURRt0xnBd2walV/xO325DpPBuLujT2ZQxo9w+DVqfiI5KvZRk+/nMqiRccdRGIiVoiIgIiICIiAiIgIiICIiAiIgee8oCpTemQCHVkPEAy6gjUHmPCa9uvJJZNb00pvUpXCoqtUBZ0quFAZmpsTgE5OFIxmbKkISyX25o3i3VvNnPi4p5pk4WqmWpN219k/utg+/nLMJ1VcW6VEanUVXRhwsrAMrA9CDzmot9fJq1INc7PDPTGWahqzoOppnmw/d59s8pHjnxfMYPsu4z6De9fuJufyW/8i47VnH+FDNDo2CCDqNRN4eSKvx2NU6aV25csmnSP3k128+Gfy2zyIkZp1kRECm6BgQQCCMEEZBB5giWXYu6tjZVKtW1oLTep6xBY8K8+FAT6K51wMDl2Ev0QEREBERAREQEREBERAREQEREBERAREQEREBERA1n5QtwRW47yyXFfVqlJdBW7sg6P4e17+c/kVb/AHO6XqLjPwNOn/AzZEsOwdkG3r39QoiLXriqnCdCvmqYYkdCXFQnvnMmmPGS7i/SMRK2REQEREBERAREQEREBERAREQEREBERAREQEREBERAREQEREBERA//2Q==	Trendify private limited	keywords... umbrella rain nylonumbrella roundnylonumbrella roundumbrella greenumbrella	10
43	Whirlpool washing machine front load	45999	6	5	"Revolutionize your laundry routine with the cutting-edge Whirlpool Front Load Washing Machine, now available on Trendify! 🌪️ Experience the ultimate in cleanliness and efficiency as this appliance takes on your toughest stains with ease. Its advanced technology ensures a thorough and gentle wash, preserving the quality of your clothes while removing dirt and grime effectively. With its sleek design and compact size, it fits perfectly into any modern home. Save time, energy, and money with this top-of-the-line washing machine. Upgrade your laundry game today, exclusively on Trendify!"	Superior Cleaning Performance	Energy and Water Efficient	Sleek and Space-Saving Design	https://whirlpoolindia.vtexassets.com/arquivos/ids/164386/Xpert-care-Silver-lid-open-O3-6.5kg_1500x1500.jpg?v=638000290210600000	Trendify private limited	keywords... Whirlpool washing machine front load Whirlpoolwashingmachinefrontload Whirlpoolwashingmachine frontload frontloadwashingmachine 	10
44	yellow sweater	699	2	5	"Embrace the vibrant charm of our Yellow Sweater, now available on Trendify! 🌟 Infuse your wardrobe with a pop of sunshine and radiate positivity wherever you go. Made from premium, soft fabric, this cozy sweater wraps you in warmth and comfort, making it a perfect companion for chilly days. Its stylish design effortlessly elevates your fashion game, whether you pair it with jeans for a casual outing or dress it up for a chic evening look. Stand out from the crowd with this must-have Yellow Sweater - the perfect blend of comfort and style. Get yours now and make a bold fashion statement!"	Radiant Sunshine Yellow	Cozy Comfort	Versatile Style	data:image/jpeg;base64,/9j/4AAQSkZJRgABAQAAAQABAAD/2wCEAAkGBxITEhUSEhIWFhUVFRgVFRUYGBgVFRUVFhcWGBUWFhgYHSggGB0lGxcXITEhJSkrLi4uFyAzODMsNygtLisBCgoKDg0OGxAQGy8lICUtLS0tLS0tLS0tLS0tLS0tLS0tLS0tLS0tLS0tLS0tLS0tLS0tLS0tLS0tLS0tLS0tLf/AABEIAOEA4QMBIgACEQEDEQH/xAAcAAEAAQUBAQAAAAAAAAAAAAAABwIDBAUGAQj/xABFEAABAwEFBAYIAwUHBAMAAAABAAIDEQQFEiExEyJBUQZhcYGR8CMyQlKhscHRBxThFWKCkvEzQ1NyorLCCCRzgxZjZP/EABsBAQADAQEBAQAAAAAAAAAAAAABAgMEBQYH/8QANxEAAgECBAIHBQcFAQAAAAAAAAECAxEEEiExQVEFEyJhcZGhFIGx0fAGFTJCweHxM1JicqIk/9oADAMBAAIRAxEAPwCcEREAREQBERAEREAREQBEXqA8RKpVLAIlUqlgEVOMKpAEREAREQBERAEREAREQBERAEREAREQBERAEREARFi2y2sjFXHsHEqs5xhFyk7JEpNuyK7VaWxtLnGgHx6guOtd6veXuDqEZgDkOCov28nSHPIDQchzK0cNswv8+fPDRfKdIY6WJdqekV697/Q9bC4VQWaW5uo72m98/FVftWY+2eHPkVjFvEdo+Y+y9LPt/u/ReYq1T+5+b+Z0ZIckXTekvvu8Ty7VYnvWWnru85c145nn+vYsWWzjl5/qSrKcr6yfmyVCPJeRdui8Hlzi4muVCciOxd7dttEjRnvAZj6qNi9rTQd/atpd94FpqDTznpr8V2YTGSw08yV091+q7/iZYnDqrtoyQ0Wpuu9xIKOIB58D2Lagr6yhiKdeOaD+fkeNODg7SPURFsVCIiAIiIAiIgCIiAIiIAiIgCIiAKiSQNFSaBa2+73bA3m46DkOLj1LQ263OcA4mtdOXcF5eO6Thh+wleXovE6KWHlU12Rtbwv4DJnifoFyd53oXk1NTqO0Km3ROcajRYRsB5r5uti6mIlepL3cF7j1KVCFNaF6K0Bzc/P69fBYdripmPPn681cEZjNTp8lmswvFP693P7lZJ5XdGy0MawXgKYH9x1p+iyHG0eyI3DmD9KiixpLuINR1/fLwI8Fdjsb9KnyT9lDUL3ROxU78z7sbes0y+JVcjiG+sHPOrgKAdg+qR2Y+e77/Aq8IfPnz4Kt13EXNK+JxKuwgj4fpn9e5bHYjz9vPiFiyCpwt/oD571op8CTIstpIrn9Knmt9dN9uAArUcj9DwWhs9loM1k2eOhyVYVZUp5qbszKpFTVpI7qxW5kmhz4g6/qstcTECCCCQt5Yr0IIbJxyDvuvocF0zGo8lbR8+D+Xw8DzKuFcdY6m6ReAr1e6cgREQBERAEREAREQBERAFrr5vNlnj2j+JDGt4ve40a0d/gATwWxUUfi7aZS7Gx+FtlhfLGOMkzhgc4A/wCGx2vOTtRptabkouXhfjdtvUc97qOOobTKg7Fu7E0Fgac6ZDs4fBQNYb3kjs2MguIeQxxqalxxVJ7SVMnRi8drBHJ7zGuPaWgr47pDBTo9p66782etSqxkrLkbt0I5LGkgWW16pevKNUzXyxgilFppYXRuxM8Pst5LWqsSRrSMrF0zCivlo9cFvn9FlsvOI+0PNFYls4OoWKbvjPshXtTfMnQ2Lrwi94eaj6rHlvRnDP8AX9a+Kttu2PUBXm2McAiUBoYzpnvOVQOaz7PAAPmjY1djCq3yIbuXowr0UYWO1XRLRUZRmUDRY0lsa1+Z6h3q2bSuKvu/Wfm2wk0JqR3ZAd9D4LWhQlUbUeVw7Lclu6beCAwnP2Tz407afJbdQVB0qldapbJECX4A6Eipw2iJuPMH2TQA8MusqYOjV7ttdmjnaKYxvNOrJGnDIw9bXAjuX2eAjVVBdZ3WfNWujyKyjneU2qIi7DIIiIAiIgCIiAIiIDAvq3iCF8p9kZCtKk0AFT1kKJ572jtDt85uY8OY7dfgrhcacATTPrXUfilbnBtnhbGHh8tZagnBEGvLnUGhwh1K8etRLtWShpa4tdJE+UMk9ZsYc5r8Ux9UFrC7LiDwoDy4nDVKjjOLenx71xN6M4xTT4m0tV2MkxspSNzMLWjJopUg9v2XQdC2CKPYhxIjo3EeOVch3rjGzSsaHBxLAyjS0h8RbqHCtHuLeI5NJyW4ub806yz4MIkw0BILCTh33NBoRultDzHjw18Nia9Pqpau97vT6sdEZwg8y5bHe3ZeUcrpGscCYnBrqUOZaDlQ6ajtaRwVUV7QuhdO14MbQ4k8sFQePUo86A3RaHRWiTabLbtdDEH1rLLQucc9KAOzz1d7ufl33DaBdtp3i10h2jYTq6OBwErtMjVzfAaVKq/s7HM7T0vG3h+b5or7W7bcyQLXeELbObSXVjwB4I4g0w0z41HirN5XhDFZ3WguxMDQ5tMsVfUA7SR4riLfclpbdLAX1LHCZ8NKuZFJUMrlXIhxp1n3VVe/RyZt1saZcUkH/cSQcY4pMWA6V3cLznzfrhCmP2dV1ef5v+fmPbO7h6nYG8oNh+Zx+jwY69QFdKa9Soua8ILTA2ZhIBG8CRuO9ppNOBrn1Ll4uiExu02cvdtyPzQg4YK0wGoyNev1upUdE+i0hsTw6Z0TrYCIWUyOEF1XZH1mjtwnmol9noZJWnrm0/1+fyCxjT2/k6fo/fEFpDzGTuPc09YqQ12YHrDP4LIsF7QyzSwMfV8VMXXwNOw5LiegfR+VhmlmldZm52cHKplccDcswaPd4gDisXo30WtMV4EPOzbZqvll9nZ0OlRmHCvLIOOoVqn2fhmqZZ6W7Pj3/XEhYx6X95IUl4wi0CzF/pHMLwMqUHDtIqf4Sk94RMmjgLt+QOLRl7PDvFf5So8vS4LX+02MY4ufI4TRTAENLAal3LLIEaHE2vrK50ruW0ut8L4349sW7KVvqtLCKioy3aHXWhVV9nlddv8AK7/7fIn2zu4+hIE15xNnZZy7fexz2/wkZd+8f4Ssdt7QutD7NU42Ma/trqNOALDr7XUuNv65J/2lA9km0ErmlsrRk3ZECQGmQpQ6nPRWv2HOL2a5j8TXu/MNmHqmI+sK0poS3sINakKI/Z+OXWWuT/q/wtoS8Zrtx9DtheUf5g2cO3wwOINNCT36UPYVH959H5H3kHk4onOMuIZUEZFWdtaDv7Utd3WiG84ntdtNtI18cgIpJG7N2laCmLuFV1Lrzija9r3tFBiPMBxPAZ5mqvTw8ejqib7WaPqt/c20Q59fHlZ+hi3J0fDbQ62xksD4XYWkAuimfQE91T8VK3Rq0Mza0UxuLyOGOgxGnCuvbVRY++8OJkTS51GObXda8urQAnU0BOXJZdy31L+YDwS9rXsfhYMJY0Cjm7w9JizIA1AJHJXhi8TUnG0bRsrrfyt6e8iVCCi9dSaEVLDkql6pxhERAEREAREQBCipldQE8hVARD+ILpnWtz2h2EbjXMJo1sTcbTI0ev6QyCnI+HISSMkoHsBdJERWgjnMDqVAbkxga52nENpoKqS7XHtHAtzqTU9dcz8Vq7zsTK0LWuxNw6DeByI7CvEeKr03KVrq61XG+qsuO9rnoKnFpR9H3EfCzxNdG9pkbsYyxoFJI8Ly8iUvyB9ckjUlnILffh/6OhdJtHMe7fOLMPwlwaXCrgcNa8wrtuuOBhYMGHADgAJAFa1qBrqdeZWmmszYXMZjrI5ztljq5zpHUJBOgBxNFeBf2roeJq17043UlrttbXnb1K9XCFpO1n3kltvCMFpaWBrXYWAEABxOYFOJJPisj9rRF43mZudGG1GZpVzKccsyFFdmtEAY1zXRCPalrCGl7mWg+02vrbrgan3chpXYMtzK0L4w4TbI0iybanZVZzDiXYnH3MvZWDwOKcm8z1ebhutv42Jz07W05EixXpEXVxMcJAW0qDiDa7vWAVbivSPGHl7DtatGYOMCu6OdM8lHQvCFuEh7GgSugbhhqY5d3G1nOM1bU6mp0qvDbIWNeccbRZnhhww1MUjqj0FfWGTwXOrnGSNWp93YzTtPR3Xi+fy2tcdZS7iQDfUddptGevgriFMVaYPHJeWi9o6vcZGt2Qq6pHoxrU8lH7pYqvidJDWMCd7dkRC1pAcJBxL95pIOVJAKZFVtnjfgAfE42oVaHMznbUjDM4ZMdixCo9phOlFSXRmJyuLcrN5t1vv9d9ietp3voSBabcx5azEzTHhrrmN6nEVpmq5bza5jRibv7tajfABNB72QOXUVHDbZBhE21hwg7HaGOhFR/ZBv+HTOuoZXivZhGyrKwMNn9I5tCTBWgMjT/eGrminAlnJXlgMW3J5neSs9vrl7rkKpT020JGF4NDK7tW7gflVlaVbXhnhy7OpUxWljWltG7mbdPR4qgn92oJ7c1HNGOoz0DtqDOGVLRIG5mYn2aUccPJsnJeOla/2oXbc0FMTXWgszp/8AW5uXOpI5osHi00870VuG3nvvr4E56eu3MkOKVrGEDCC0ktOW6Xk4iOVanxKtRzBjaBoBYMDDQbjTSrRyGTcuoclH5ka4HCYnmY4BSRw2zo67rM9wty3s61Z7wTEH4zUSCY0Ozkc0yuYDuxiuTmgE567vMKI4XFwt2nomtuHnw1t4LYOVN8ESRZY49kBgFYmO2P7tWluEdVDRRgyWFox7ZtHSCDGyMHfAO7KD60YplxIcD7K29klkxPeC4FzDG57ZccTcJIGEO1kB3cOhIOea11hwEtYyGGkh2zRhfI1zx/e4j6lPdOu8DqF04aLpwy4m7ttp5693wRWd2707anj7QS2YQWd0r4ZhC5jyXtNS8OkHukujoaEUxA5VIWXbrA55kjltLWxi1CWBzPSFkTcYLDgyYKuZSuWJp0WVBZ55dmcMhD3uBcSIXxilC4hoBkLqAZjhTrW2u/o7TBjfvB5cQwYWubRzWMdxIaDx76q0+lKVGyppX8/h8/MqqDlrJsk7o7bdtZ45KFpIILTQkFpIzp2LaLnuh1ibDE6JgIAkc/Mk5yHE41OetV0K7KNTPBS+rnLNZZNBERaFQiIgCIiALRdMbybBZiSc5Hshb2yOAPwqe5b1RB/1A3o5jLHEwkOMr56jgYgGt+Mh8FEoZ04rin8CU7O5Ys3S6IzPsba4tcXskj1mDPX9VsIr7gJMWMbZgNG1zDSBvU7woLsNqdC9sjNW6eBH1V27b0fFOJiSSScZ4uDvW5V5rhfRs6etOT0hZeO/u1XuOn2hP8S43ZNEuAtq41LDkOJrp56lzNqtMe1EkjIsbHjA9+INa9wbQFo9YndocgACeC4KO/ZDaW2hxzxdwaajD2AEqVbkhjmszZS0OxOqK55NcQ13+kFYzjXwyi9+zrb999DSMqdS679LnP4rOwYRDC1sL9phxOJhlNN9+Yx5BtGZZsaK61uufEyp2dnZs3CZxOJ5jldpMKnfrwbw3TU5rr47qYWOds27xqRQb1MqlXm2MYS7C014U9YD5/os/b8TK1k9Vfht5eK96LOlTXI4ukTa+hgAiO2OT3bN789tr6StBRnD0fWqpJYiSx0NmdtvTPZvt22HPbF1dwCpODiDIuzZZy5rnUzIyBHrU4HzxVVks2M4iAKDCCRx5eI+CiOOxbcdH2tVquHPTT5WJdOmr7adxxJliPpNnZyZxssRxDbMApsg3FSMigBdxwxjnWmKWzgtcI4WmzbrHB7yIKnFSTP0rsRJBFKnHyXd2awhxDcLRg6hRtMsuWXzVE12tq5hY3fNTkKO4Z+AVfvHEqGdqVr24X5cvpjqqd7afXvOINks+DYiyxkOdtTEJjjJApjDtNnQ054DWvEevZZ3ufIY2EztEb3NmcGvFWnDED6r6sbWuQwj3l3NputrCHFrScOGuEVpxb+iofcrAwHZsoDiAoBQ+8O9afeGKUpRad4q7227uf8APIjqqdk9NfE4RzIGEPELQYGGIOdMSI2OBq2cD2/SOpTL0h91WWWezswUjpsCZY8U1cBca4pqasqwUAz3R76791zRvY9xjYcR3hhG/lqetYxuiOQOcGNzbhcKCjgNGnnxSHSOJll7L7Sutvr6QdKmr7aHCRQWduza2It2LzKwbapDjSrnmn9luNoRn6P95Vw3fAwxlrJvRy7VgxMJLyRVjst1m43f47N2WYp1AueJ5PomeoWHIer7vw+CoiuSB+L0eez2ZIqN0aDLl9ArQ6TrO1k+1e2nLch0Ia7afqaC67rha1sYfLQWls5qwUxtGFsIoeIIGOlK05hd3YbNStRQN8gLX3b0biJaWtNY43Rjed6h1BFc9Bn9gsOz9NYpJnWXMFld80o8tpUd3XyWFXEe1R6xxbyJtaaPW2vp5MtGCpOy0v3nVxWajqn1RnXnrRXWYf7UZUBqOR4LgLX+I7WT/l6Awh1HyVzB0IpyB410C0fTLpdJthHZ5C0R+vT23VDgD1Cg48VpQw01UjCFO0WnO74S4eRSU1Zty1WhN/Rm8QX7Nx3i0kdYbSvzC6hQJ0C6VOnvOwjSrJWSDOmIxvPYfUadMqkKewvRwlOrCjFVX2v3aOas4uby7BERdBkEREAREQBfPP4+2vFeLI65RWZgpyc98jj4jB4L6GXy/wDi5atpe1q/dcxg/hiYD8arSku0DkQxUEK41yqcyq7Mt0QYpCmLoRbo4rHC6VwbHs6OJNAKudxOmZUPvatg+9JHQRwV3GFxpzJNR4ZrzsVh5VXFRdrSTfhxNaVRQvfkTn+1I6bYPGyDda7uDia+dFY/bMRBma8GJgNCDUFra4qU10Khxl/yiymy1NCdeTNSK1rrw0osQXtKIDZwdwuqezUt8aFeb93V7NOf57+764bG/XwVtOBNVivyKVu2jeNmK4dRQA51BzGnFV3d0kgtQJhdRrDvChBxHMnMDLrUG2a8ZGRSRNO7JSv18RQdyu3XeMsBc6NxBc0tPfoe0aq9ToyrONVKb7Tuv3+HuCxEU4u2yJ1j6T2eV5gjeNoK7TUVw5ZGlD3Kp/SaCJ7YXuAld/Z1r7RIoToMxx5qBLJbHxyNkYaOaag/Md4qO9e3hbXzSOkdq4+ApQCvUAtPu6p1+fO7Zbe/+dfEp16yZbcSf5r8hgGK0PAY40qffzOXbQq5JezA0zucNlhxE8NnStfDNQLe19TWgMEjicDcPaeLu/JevvyY2b8sXHAHV66ahvjXxouePRldUqcc+qlr4eO79/Mu68M0nbdE4x3vFKBJA8GMVDSNDQ0PyosNnSCGaogeCGu3qah57VC1gvmaGOSJh3ZB4HQkdoyVi7byfA8vacyCD11GXgaFXn0dWfW9v8TVvrhy0Crw7La23JndfEMpLIngPafSCujhoKcNPgkd5tBpGQTWsgB0Iyoe8FQtd95PikEgOftdddVn9Hb7MNoMrySH1x6mtakHnkfmVNXBV+24y4K3jxEa8NE1xJ2slrYGgsIq816wOI8fqoAtMTmTPwuILJHgHjUOIqtjcvSWSG1bck0c7fbwwOOY04ZHLWnWtZbbTWWVw0MjyDzBcSPmuzB0J06sus/C4q1lx1zfqY1JxlFW318iyLMqtjRBKvS9etlhwMTffh7aNnedjfw27G/z1Z/yX1YF8gXHJhtNndyniPhI0r6/XJXWqJCIiwAREQBERACvkfprPjvC2P52mb/TI5o+AX1wvju+X4rRO7nNKfGRxW1HdkMwHFXI5l45qsnJatuOoMpwqrZXjJEKs2pA8JXiFKKgK2he0XoCqDFqogpAQhXBGvTGrZCC0F6QruzTAmQkslqooshzVaeFWUSCw4LwK49W1iyS8wqmU5r1iqcM1e10CyCq2uKrDQvQFKg+YMiwmkjDyew+DgV9ihfGodTNfZEJ3R2D5LKvwJK0RFzgIiIAiIgC+ObwHpZf/JJ/vcvsZfLN89D7aLROBZyQJpKUczTGaGmKuhHitKdSEL55JeLsEm9jlmleStFFnWy57RH69nlb2sdTxpRa91eIp25fNbqcZLRpkWsWFfGncmCumZOQAzJJ0Apqsm8bC+CV8MlMcbix9MwHNycK8c1CVmDFVTV5mjlckvNcmMKzVeUUuo9iC+ZV5t1ZwJgVc8gX9svNsrWBMKtmkC6ZV4SqQ1KKczYDwrJCvKkhZtARq47VUMCvyQOFKgjEMTettSKjvaR3K0LsFsMVQiVvaU1KuNkPFXTjxIMixx1kY3m9g8XAL7EAXyd0Ps4mt9kiB9a0RE8d1rw53waV9YBYYndEo9REXMSEREAREQBR/wBLoA21EjLExrj21c35NCkBcR0xbW0j/wATf9z15nS9vZm+9HVg/wCr5mjaDwqP6foqZmnl58/JZTGKiXIHvXyalZnsWTMfox0UhtVpFolhZhs72ua4NwufKN5oJFKgZOIOtWjmoh6etIvO2j/9MvxcSvpzovZAyyxji4bQ9r975EDuXzl+LFm2d72scHPZIOvHGxxPiSvusBB06cU97Hg1pKU20cqqAq1SV6RmegJRVNQlWRU8ovaLyqqUElIC8VQXikgL0heIEJKgFQ5VqhyPYAKZrq6L2d133fa5YQ8mHZOLiS0B0kkjCW1oc3OFTzaoYBX090fsBNxwRkb35NjgOIdgD299aLhxsXOi4xbT12djSk0pps0cN2wsHo4o2f5WNb8grVosrjofOayLHPVo6wPisgEL8/6yad2z3MsVwMnohdgdNtXhpMQqwloJDnBzag0qN0uGXNd2Fz3RIZSdrfkV0K+v6LX/AJYvnd+p5GK/qsIiL0DnCIiAIiIAuN6VWaR04c1ji3ABUAkZOcTp2rskoubFYZYin1bdv2NKVR05ZkR1SmooetWJxXIcch31A+akpzAdVYdY4yaljajMHCKg+C8b7haek9PD5M7Pb/8AH1LkLMLQ0cAB4ZKAP+oGx4Lwil4S2dv80b3g/BzF9BgLgPxb6OxWmGKWRpOxeRUGhDZKA91WtX0DqKksz2RwRi5NR5nzgF4QpMg6GWOmbHn/ANjvp3ra2fonYQB/24Pa554f5lyy6ew0FtJ+XzOr2Kp3EPtQqXbR0asegs0Q4VAodD9lgf8AwyykkkHM5AHQeQkOncO12k16j2Gp3EZVQlSeehdk5O8VZd0Ls9fap2q66bwr5+Q9iqdxGwQqR29C7P8AvePero6GWX97x66KX05he/y/cj2Gr3EZrwKTz0OslNH+PVXkrbuhtl/f159YHLrULpvC9/kT7FU7iNlS9SczoRZOOP8Am7erqVi19AbL7Mkre9rh8W9Sn78wu2vl+5V4Oqv5I3jjJOEZl26O05D4r7GsdmDImR8GMazua0D6KC+h/wCHsZtsDts5zWSCQtLAK7M4gCQdKhvBT7RbRxNOvG9N3RhOnKDtIiqxO3QOrz9VnQPqu7F0wf4Mf8jfsq23dCNImDsa0fRfPPoKbf415M9D29f2+pqOiv8AeD/L/wAl0Ktxwtb6oA7AAri9rCUHQoqm3e3E4Ks883IIiLpKBERAEREAREQBERAFgX3Y9tBJF7zDT/MM2/EBZ68KiSurMlO2pDtl0HnzqVmA089/yCvXlZdnaZmcnkjsdV4p4heYPPnsXw1ZZJuL4M+hi1JJ8zFkPk9ys4vPcPusuSLs8+SsUkV8+eSiMk9iTwHn581QHz/KV6GnkfDs+yq2TuR8D54LQgoANO76L0N+vzcfoqyw8iqTxHniq3BTsuHUfkAqmsFe/wD5foq6ee8H7Lzz58SozEhn2+Q+69wV89/3VQHnx/TwV4DJVcgdF0CsdDJJTQBgPxP/ABXZrT9FrLs7OyurqvP8Ry+FFuF9jgafV4eKe9r+ep4Veeao2ERF1mIREQBERAEREAREQBERAEREAREQGDabqhkdjfE1zqUqRU0GiqZdsI0iYP4QsxFn1UL3svJE5nzLAsjB7Df5Qq2xtGgA7griK6SWxAREUgKjYt90eAVaICw+yxkULGntaD9FYN0wf4Mf8jfss5FXKnuibs1r7ks51hZ3CnyVh3Rqze4R1BzvutyiylhqMvxQXkiyqTWzfmUsbQAclUiLcoEREAREQBERAEREAREQBERAEREAREQBERAEREAREQBERAEREAREQBERAEREAREQBERAEREB/9k=	Trendify private limited	keywords... yellow sweater yellowsweater clothing wear 	10
45	inverno sweater	799	3	5	"Embrace the cozy chic of winter with our exquisite 'Inverno' sweater, now available on Trendify! ❄️ Wrap yourself in luxurious warmth and style with this premium knitwear, meticulously crafted to keep you fashionable and comfortable throughout the season. The 'Inverno' sweater's timeless design and premium materials make it a must-have for fashion enthusiasts who crave both elegance and comfort. Elevate your winter wardrobe and make a bold fashion statement with this stunning sweater. Don't miss out on staying snug and sophisticated this winter – grab your 'Inverno' sweater exclusively on Trendify now!"	Luxurious Comfort	Timeless Elegance	Premium Quality	https://the-knit-stitch.com/wp-content/uploads/2021/12/Inverno-Sweater-5.jpg	Trendify private limited	keywords... inverno sweater invernosweater clothing wear	10
46	mia sweater for women	859	3	5	"Wrap yourself in cozy elegance with our Mia Sweater for women, now available on Trendify! 🧥 Embrace the colder seasons in style with this chic and versatile sweater, designed to keep you warm while making a fashion statement. Crafted from premium, ultra-soft materials, the Mia Sweater offers a luxuriously comfortable feel against your skin. Its flattering design and contemporary silhouette effortlessly elevate any outfit, making it a must-have addition to your wardrobe. Don't miss the chance to stay fashion-forward and comfortable all season long - get the Mia Sweater exclusively on Trendify!"	Luxurious Comfort	Versatile Style	Trendy and Exclusive	https://images4-a.ravelrycache.com/uploads/cocoamourknitwear/866091555/IMG_0914_medium2.jpg	Trendify private limited	keywords... mia sweater for women miasweaterforwomen sweater clothing wear women womenclothing	10
47	samsung s23 ultra mobile	158999	10	5	"Empower your tech-savvy lifestyle with the Samsung S23 Ultra Mobile, designed for the modern woman on-the-go! 💃📱 This sleek and stylish device is not only a fashion statement but also a powerhouse of innovation. Capture stunning selfies and pictures with the high-resolution front and rear cameras, perfect for documenting your every adventure in exquisite detail.\n\nStay connected and organized effortlessly with the S23's intuitive user interface and seamless multitasking capabilities. The powerful processor ensures smooth performance, making it ideal for managing your busy schedule, staying on top of social media trends, and juggling work and play with ease.\n\nEmbrace the freedom of wireless charging and say goodbye to tangled cables. Plus, the long-lasting battery keeps up with your active lifestyle, keeping you connected throughout the day.\n\nElevate your mobile experience with the Samsung S23 Ultra Mobile, available now on Trendify! Grab this must-have companion and experience the perfect blend of technology and elegance in the palm of your hand. 💖🌟"	Stunning Camera Capabilities	Seamless and Stylish Design	Unparalleled Performance and Convenience	https://www.digitaltrends.com/wp-content/uploads/2023/02/samsung-galaxy-s23-ultra-green-back-6.jpg?resize=1200%2C630&p=1	Trendify private limited	keywords... samsung s23 ultra mobile samsungs23ultramobile electronics gadgets mobile 	10
50	ipad	79999	5	5	"Upgrade your digital experience with the cutting-edge iPad, now available on Trendify! 📱 Immerse yourself in the world of seamless productivity, creativity, and entertainment with this sleek and powerful device. The iPad's stunning Retina display brings your content to life, whether you're working on projects, streaming your favorite shows, or expressing your creativity through art and design. With its lightning-fast performance and long-lasting battery, the iPad is your ultimate companion for staying connected and getting things done on the go. Elevate your digital lifestyle and be the envy of your friends with the latest iPad – exclusively on Trendify!"	Stunning Retina Display	Powerful Performance	Versatility at its Best	https://cdn.macstories.net/13359d69-6cbb-4ade-8a47-dc272b9a8849-1632256898935.jpeg	Trendify private limited	keywords... ipad apple electronics gadgets tab tablet mobile phone	10
82	Digital Watch	399	12	5	Introducing Trendify's sleek and stylish digital clock – a modern timepiece designed to elevate your daily routine. With its cutting-edge LED display and minimalist design, this clock is the perfect blend of aesthetics and functionality. Stay on top of your schedule with its accurate timekeeping and easy-to-read digits. Whether placed on your bedside table or office desk, this digital clock adds a touch of sophistication to any space. Embrace the future of timekeeping with Trendify's digital clock and make a statement with every passing second.	Modern and Stylish	Versatile Placement	Easy-to-Read LED Display	https://m.media-amazon.com/images/I/51e4Lcd4poL.jpg	Trendify Products Limited...	keywords... Watch clock wallclock digitalwatch	10
51	macbook	99999	5	5	"Unleash the Power of Productivity and Style with the Sleek MacBook! 💻✨ \n\nSelling my beloved MacBook in mint condition, perfect for tech-savvy individuals seeking the ultimate blend of performance and elegance. This cutting-edge device boasts lightning-fast processing, ample storage, and jaw-dropping Retina display for crystal-clear visuals. Whether you're a creative professional, student, or a multitasking pro, this MacBook is your gateway to seamless efficiency and trendsetting sophistication. Don't miss out on this opportunity to elevate your digital experience - grab it now and join the trendsetters on Trendify App!"	Unmatched Performance	Stunning Retina Display	Sleek and Stylish Design	https://www.cnet.com/a/img/resize/dfd8b4f175537bda78f81eae02fa99a1a9a07aba/hub/2019/11/01/f0dcfa53-dc09-408d-bd78-a3a2e8db0c61/macbook-air-hgg-promo.jpg?auto=webp&fit=crop&height=675&width=1200	Trendify private limited	keywords... macbook apple laptop electronics macbookpro macbookair	10
53	hp pavilion laptop	59999	5	5	"Elevate Your Digital Experience with HP Pavilion Laptop! 🚀💻\n\nIntroducing the HP Pavilion Laptop, your gateway to unmatched performance and endless possibilities. Seamlessly blend work and play with this sleek and powerful device that caters to your every need.\n\nGet ready to unleash your creativity and boost productivity with the HP Pavilion's lightning-fast processor and generous RAM. Multitask with ease, edit videos, design graphics, or breeze through your daily tasks effortlessly.\n\nImmerse yourself in captivating visuals and vibrant colors on the stunning Full HD display, perfect for streaming your favorite shows, movies, and videos. The built-in high-definition webcam lets you stay connected with loved ones and colleagues in crystal-clear video calls.\n\nStay powered up and on the move with the long-lasting battery life, ensuring you can work and play without interruptions. With its lightweight design and portable profile, take your HP Pavilion Laptop wherever your adventures lead.\n\nUpgrade your digital lifestyle and experience the future of computing with the HP Pavilion Laptop. Join the trendsetters and tech-savvy individuals who have already made it their go-to device for productivity, entertainment, and everything in between! 🌟"	Uncompromising Performance	Stunning Visuals and Immersive Entertainment	Versatility On-the-Go	https://laptops.vn/uploads/hp-pavilion-15_1629012333.jpg	Trendify private limited	keywords... hp pavilion laptop hppavilionlaptop laptop electronics gadgets hp officelaptop office thinlaptop lightlaptop	10
55	red mens fashionable shirt	899	5	5	"Elevate Your Style with our Red Men's Fashionable Shirt! 🔥👕\n\nMake a bold fashion statement with our eye-catching Red Men's Fashionable Shirt, designed to turn heads and set trends. Crafted with meticulous attention to detail, this shirt boasts a perfect blend of style and comfort, making it a must-have addition to your wardrobe.\n\nWith its vibrant red hue, this shirt exudes confidence and charisma, allowing you to stand out in any social gathering or event. The premium fabric feels luxurious against your skin, ensuring maximum comfort throughout the day, whether you're at work, out with friends, or enjoying a night on the town.\n\nVersatile and effortlessly stylish, this shirt pairs perfectly with your favorite jeans for a casual yet sophisticated look or dress it up with tailored trousers for a more polished appearance. Embrace the fusion of contemporary fashion and timeless elegance with our Red Men's Fashionable Shirt.\n\nUpgrade your wardrobe and embrace the trendsetter in you with this must-have shirt. Grab yours now and let your fashion shine!" 🌟👔	Striking Red Elegance	Uncompromising Comfort	Versatile and Stylish	https://5.imimg.com/data5/QH/QF/MY-53916936/men-stylish-shirt-500x500.jpg	Trendify private limited	keywords... red mens fashionable shirt redmensfashionableshirt clothing wear redshirt	10
23	Samsung smart tv	75000	16	5	"Transform your entertainment experience with the cutting-edge Samsung Smart TV, now available on Trendify! 📺 Immerse yourself in stunning 4K resolution and vibrant colors that bring your favorite movies, shows, and games to life like never before. With a sleek and modern design, this Smart TV not only enhances your viewing pleasure but also complements any room decor effortlessly. Enjoy seamless access to a world of content through popular streaming services, apps, and voice assistants, all at the touch of a button. Upgrade to the future of entertainment and elevate your home theater setup with the Samsung Smart TV, exclusively on Trendify!"	Crystal Clear 4K Resolution	Smart Hub & Voice Control	Sleek Design & Seamless Integration	https://cdn.mos.cms.futurecdn.net/StT5A4ETFCnM5Q4DbWEUCX-1024-80.jpg	Trendify private limited	keywords... tv television appliances electronics display entertainment	9
54	white basic hoodie	999	5	5	"Elevate Your Style with the White Basic Hoodie! 🔥👕\n\nIntroducing the ultimate wardrobe essential - the White Basic Hoodie! Effortlessly chic and endlessly versatile, this hoodie is the perfect addition to your trendy collection. Crafted with premium, soft, and breathable fabric, it ensures comfort that lasts all day, whether you're lounging at home or heading out for a casual outing.\n\nWith its clean and minimalist design, this White Basic Hoodie effortlessly complements any outfit, allowing you to create a wide range of fashionable looks. Pair it with your favorite jeans, leggings, or skirts for a stylish and relaxed vibe that's always on-point.\n\nThe hoodie's cozy hood and convenient front pocket add a touch of functionality, making it the ideal go-to piece for chilly days or late-night hangouts with friends. Embrace the fashion-forward simplicity of the White Basic Hoodie and stay ahead of the style game. Upgrade your wardrobe now and experience the perfect blend of comfort and fashion!" 🌟🔝	Timeless Versatility	Premium Comfort	Easy Styling Options	https://coveritup.com/cdn/shop/products/WhiteBasicHoodie.jpg?v=1657607262&width=2048	Trendify private limited	keywords... white basic hoodie whitebasichoodie clothing wear mensclothing womensclothing dress whiteshirt whitetshirt	7
56	mens blue shirt	899	4	5	"Elevate Your Style with our Trendy Men's Blue Shirt! 💙👕\n\nUpgrade your wardrobe with our stunning Men's Blue Shirt, the perfect blend of fashion and comfort. Crafted with premium-quality fabric, this shirt offers a flattering fit that complements any body type, making you look and feel confident on any occasion.\n\nEmbrace the timeless elegance of the classic blue hue, a versatile choice that effortlessly matches various outfits, from casual jeans to formal trousers. Whether you're heading to a business meeting or a weekend getaway, this shirt is your go-to choice for a polished and sophisticated look.\n\nDesigned with attention to detail, the exquisite craftsmanship and fine stitching of this shirt ensure durability and long-lasting wear. Be the trendsetter among your peers with this stylish and modern piece that speaks volumes about your impeccable taste.\n\nRevolutionize your wardrobe with our Men's Blue Shirt today and experience the epitome of style and comfort. Don't miss out on this fashion essential—grab yours now and make a statement wherever you go!" 🕶️👔	Timeless Elegance	Perfect Fit and Comfort	Exceptional Craftsmanship	https://ae01.alicdn.com/kf/S5630fe2fab3446d5bbb0c6deabc75d23h.jpg_640x640q90.jpg	Trendify private limited	keywords... mens blue shirt mensblueshirt blueshirt menswear clothing wear	10
57	steam cooker	1299	6	5	"Revolutionize Your Kitchen with the Ultimate Steam Cooker! 🍲🔥\n\nIntroducing our cutting-edge Steam Cooker, the must-have appliance for every modern kitchen. Unlock a world of healthy and delicious culinary delights with this versatile kitchen companion. Powered by advanced steam technology, it elevates your cooking experience, allowing you to prepare flavorful, nutrient-rich meals effortlessly.\n\nSay goodbye to traditional cooking methods that often strip away vital nutrients and flavors. With our Steam Cooker, you can now retain the natural goodness of ingredients, ensuring your dishes are not only tasty but also packed with essential vitamins and minerals.\n\nThe Steam Cooker's intuitive design and user-friendly controls make it perfect for both seasoned chefs and aspiring cooks. From steaming vegetables, fish, and poultry to crafting gourmet delicacies, this appliance simplifies the cooking process while delivering mouthwatering results.\n\nEmbrace a healthier lifestyle with the Steam Cooker, and delight your taste buds with every meal. Join the culinary revolution today and make cooking a breeze while prioritizing your health and well-being!" 🌟🍴	Healthier and Nutrient-Rich Meals	Versatile and Easy Cooking	Time and Energy Efficient	https://eng.hkoenig.com/img/313/304716/3/m3/p/multifunction-electric-slow-cooker.jpg	Trendify private limited	keywords... steam cooker steamcooker kitchenappliances kitchen appliances cooking	10
58	hawkins induction cooker	1499	5	5	"Revolutionize Your Cooking with Hawkins Induction Cooker! 🍳🔥\n\nIntroducing the Hawkins Induction Cooker, the ultimate culinary companion that takes your cooking experience to a whole new level. Embrace the future of cooking technology with this sleek and efficient induction cooker, designed to bring convenience, speed, and precision to your kitchen.\n\nExperience lightning-fast heating and precise temperature control, allowing you to whip up delicious meals in a flash. From simmering stews to sizzling stir-fries, the Hawkins Induction Cooker ensures even heat distribution for perfectly cooked dishes every time.\n\nWith its compact and portable design, this induction cooker is a space-saver in your kitchen and perfect for homes, apartments, or even outdoor cooking. Its user-friendly interface makes it a breeze to operate, catering to both seasoned chefs and kitchen novices.\n\nSay goodbye to traditional cooking hassles and embrace the future of culinary artistry with the Hawkins Induction Cooker. Upgrade your cooking game and savor the joys of effortless, efficient, and flavorful meals. Don't miss out on this kitchen essential—get yours now and ignite your passion for cooking!" 🍲💨	Rapid Heating & Precise Control	Space-Saving & Portable	Effortless & User-Friendly	https://encrypted-tbn0.gstatic.com/images?q=tbn:ANd9GcTm2xkxaBJDZK8BZzxoPbb9ghNhz_8C2cbhBw&usqp=CAU	Trendify private limited	keywords... hawkins induction cooker hawkinsinductioncooker inductioncooker kitchen appliances kitchenappliances electronics	10
59	electric pressure cooker	1399	6	5	"Revolutionize Your Cooking with our Electric Pressure Cooker! 🍲⚡\n\nIntroducing the ultimate kitchen essential: our Electric Pressure Cooker! This sleek and innovative appliance will transform your cooking experience, saving you time and effort while delivering delicious, flavorful meals in a flash.\n\nSay goodbye to long hours spent slaving over the stove. With the Electric Pressure Cooker's lightning-fast cooking capabilities, you can whip up mouthwatering dishes in a fraction of the time. From succulent stews and tender roasts to hearty soups and steamed veggies, this multi-functional marvel does it all.\n\nSafety is our top priority. The Electric Pressure Cooker comes equipped with advanced safety features, ensuring worry-free cooking for you and your family. Its user-friendly interface and pre-programmed settings make it a breeze to use, even for kitchen novices.\n\nEmbrace the culinary revolution and simplify your cooking routine with our Electric Pressure Cooker. Join the trendsetters who have already experienced the convenience, efficiency, and delightful results this appliance brings to their kitchen. Upgrade your cooking game today!" 🍳🔥	Lightning-Fast Cooking	Versatile and Multi-Functional	Safe and User-Friendly	https://images.offerup.com/FQagO2zXBujeu5sWFIjwvdbj00c=/269x249/7204/72040e7b06864419b789debfc39b38a7.jpg	Trendify private limited	keywords... electric pressure cooker electricpressurecooker electriccooker kitchen appliances kitchenappliances electronics	10
60	preethi zodiac mixer	5999	10	5	"Transform Your Kitchen with Preethi Zodiac Mixer! 🍳🥤\n\nElevate your culinary prowess with the all-in-one Preethi Zodiac Mixer that brings magic to your kitchen! This versatile kitchen companion is a game-changer, combining a powerful mixer, food processor, and juicer into one sleek package.\n\nPrepare delectable dishes with ease using the mixer's powerful motor, designed to effortlessly handle even the toughest ingredients. From smooth batters to fine chutneys, it ensures consistent results every time. Need to chop, slice, or grate? The food processor attachment comes to the rescue, simplifying your meal prep like never before.\n\nQuench your thirst for healthy and refreshing beverages with the juicer attachment. Enjoy fresh fruit juices bursting with nutrients and flavor, making it a hit among health enthusiasts and families alike.\n\nCrafted with precision and style, the Preethi Zodiac Mixer is a true showstopper in any kitchen. Its compact design and easy-to-clean parts make it a hassle-free addition to your cooking arsenal.\n\nUpgrade your cooking game and create culinary wonders effortlessly with the Preethi Zodiac Mixer. Experience the convenience, power, and elegance that's bound to make cooking a delightful experience! 🍽️🍹"	All-in-One Kitchen Companion	Powerful Performance	Versatility and Convenience	https://m.media-amazon.com/images/I/61FN1jrcMrL._AC_UF1000,1000_QL80_.jpg	Trendify private limited	keywords... preethi zodiac mixer preethizodiacmixer mixer kitchenapplioances appliances electronics	10
61	breville handmixer	1299	5	5	"Blend Elegance and Efficiency with the Breville Hand Mixer! 🎧💫\n\nIntroducing the Breville Hand Mixer – your ultimate kitchen companion for effortless mixing and baking. This sleek and stylish hand mixer combines elegance with top-notch performance, making it a must-have for every cooking enthusiast.\n\nExperience the power at your fingertips with multiple speed options, allowing you to achieve the perfect consistency in your batter, dough, or sauces. From gentle stirring to vigorous whipping, the Breville Hand Mixer adapts to your culinary needs with ease.\n\nDesigned for comfort and precision, its ergonomic grip ensures a firm hold during extended use, while the intuitive controls make operation a breeze. Its lightweight design adds to the overall convenience, making it easy to store and handle.\n\nSay goodbye to messy kitchen mishaps! The Breville Hand Mixer comes with smart features like a smooth-start function, preventing ingredients from splattering all over your counter. Cleaning up is a breeze too, with detachable beaters that can be effortlessly washed after use.\n\nEmbrace the art of culinary excellence with the Breville Hand Mixer. Elevate your baking and cooking game to new heights and impress your family and friends with delicious creations. Upgrade your kitchen essentials now!" 🍰🍳	Powerful Performance, Effortless Mixing	Smart and User-Friendly Design	Elegance Meets Functionality	https://assets.epicurious.com/photos/645d4c20cf62528d44c9ccdf/4:3/w_4443,h_3332,c_limit/breville-bakery-chef-standing-mixer_HERO_051023_15767_VOG_Badge_final.jpg	Trendify private limited	keywords... breville handmixer brevillehandmixer hand mixer kitchenappliances kitchen appliances electronics 	10
62	womens ethnic wear	2599	8	5	"Elegance Redefined: Discover Exquisite Women's Ethnic Wear! ✨👗\n\nStep into a world of timeless charm and grace with our curated collection of Women's Ethnic Wear. Embrace the beauty of tradition with a modern twist, as each outfit showcases intricate craftsmanship and premium fabrics that elevate your style to new heights.\n\nFrom resplendent sarees that exude sophistication to graceful anarkalis that captivate every gaze, our ethnic wear collection offers a wide array of choices for every occasion. Be it a festive celebration, a wedding ceremony, or a special evening out, our outfits are tailored to make you feel confident and radiant.\n\nIndulge in the seamless fusion of comfort and fashion, as each piece is designed to enhance your natural elegance while reflecting the richness of Indian heritage. Make a statement and turn heads with our exquisite designs that are sure to leave a lasting impression.\n\nGet ready to embrace the allure of ethnic fashion like never before. Shop our Women's Ethnic Wear collection today and redefine elegance with every step you take!" 💃🛍️	Timeless Elegance	Premium Fabrics and Craftsmanship	Versatile for Every Occasion	https://img.faballey.com/images/Product/IPL00769Z/1.jpg	Trendify private limited	keywords... womens ethnic wear womensethnicwear womenswear dress clothing costumes	10
63	womens ethnic wear	3999	5	5	"Step into Timeless Elegance with Our Women's Ethnic Wear! 👗✨\n\nDiscover the allure of traditional fashion reimagined for the modern woman with our exquisite collection of Women's Ethnic Wear. Embrace the richness of vibrant colors, intricate embroidery, and graceful silhouettes that celebrate the essence of cultural heritage.\n\nFrom enchanting sarees to majestic salwar suits and elegant lehengas, our handpicked selection caters to every occasion, be it weddings, festivals, or special gatherings. Each piece exudes sophistication, crafted with meticulous attention to detail and premium fabrics that ensure both comfort and style.\n\nBe the center of attention at any event with our captivating designs that blend tradition with contemporary trends, creating a perfect fusion of grace and fashion-forward elegance. Elevate your wardrobe with our Women's Ethnic Wear and experience the timeless allure that never goes out of style.\n\nCelebrate your individuality and embrace the beauty of cultural diversity with our captivating Women's Ethnic Wear collection. Shop now and make a statement that truly reflects the spirit of classic yet modern fashion!" 💃🛍️	Timeless Elegance	Versatility for Every Occasion	Blend of Tradition and Contemporary Style	https://miro.medium.com/v2/resize:fit:477/1*5vS4-QyHK1oCJPhJm30nUQ.jpeg	Trendify private limited	keywords... womens ethnic wear womensethnicwear womenswear clothing dress	10
65	vip travel bag	4559	6	5	"Travel in Style and Convenience with the VIP Travel Bag! ✈️🌍\n\nUpgrade your travel game with the sleek and sophisticated VIP Travel Bag, designed to meet all your travel needs with elegance and efficiency. Crafted with premium materials and meticulous attention to detail, this bag exudes luxury and is the ultimate statement piece for jet-setters and adventurers alike.\n\nStay organized on the go with its thoughtfully designed compartments, providing ample space for all your essentials. From clothing to gadgets and travel documents, everything has its dedicated place, making packing and unpacking a breeze.\n\nExperience unparalleled comfort with its ergonomic design and padded shoulder straps, ensuring a stress-free journey wherever you roam. The bag's durable construction and reinforced handles offer peace of mind, knowing your belongings are well-protected throughout your travels.\n\nWhether you're off to a business trip, weekend getaway, or a globetrotting adventure, the VIP Travel Bag elevates your travel experience to new heights. Embrace the epitome of style and functionality—get your VIP Travel Bag today and embark on unforgettable journeys in the lap of luxury!" 🧳✨	Elegant Luxury Travel Companion	Effortless Organization	Unmatched Comfort and Durability	https://5.imimg.com/data5/IH/RD/MY-11581855/travel-bag-500x500.jpeg	Trendify private limited	keywords... vip travel bag viptravelbag travelbag bag	10
66	assembly trolley travel bag	4999	6	5	"Travel in Style and Convenience with the Assembly Trolley Travel Bag! ✈️👜\n\nUpgrade your travel experience with the sleek and practical Assembly Trolley Travel Bag. Designed for the modern globetrotter, this versatile bag combines the best of both worlds – the spaciousness of a travel bag and the effortless mobility of a trolley. Say goodbye to lugging heavy luggage and embrace the ease of rolling through airports, train stations, and busy streets with ease.\n\nCrafted with premium materials and attention to detail, the Assembly Trolley Travel Bag is not only stylish but also durable, ensuring it stands the test of time and your countless adventures. The intelligently designed compartments provide ample space to organize your essentials efficiently, making packing and unpacking a breeze.\n\nWhether you're a frequent traveler, an occasional explorer, or a weekend getaway enthusiast, this travel bag is your ideal travel companion. Stay trendy, travel smart, and make a statement wherever you go with the Assembly Trolley Travel Bag! 🌎🌟"	Versatile 2-in-1 Design	Premium Quality and Durability	Smart and Organized Packing	https://adn-static1.nykaa.com/nykdesignstudio-images/pub/media/catalog/product/7/d/tr:w-270,/7d2b742ASSAA00000068_1.jpg?rnd=20200526195200	Trendify private limited	keywords... assembly trolley travel bag assemblytrolleytravelbag trolleybag bag	10
67	yellow raincoat	699	4	5	"Embrace the Rain in Style with Our Yellow Raincoat! ☔🌂\n\nDon't let rainy days dampen your spirits! Step out in confidence and style with our vibrant Yellow Raincoat. Crafted with high-quality waterproof materials, this trendy raincoat is the perfect blend of fashion and functionality.\n\nStay dry and comfortable as you navigate through the rain, thanks to its durable design and superior water resistance. The breathable fabric ensures you stay fresh and cozy, while the adjustable hood offers added protection from the elements.\n\nWhether you're strolling through the city, hiking in the great outdoors, or attending a music festival, our Yellow Raincoat is a must-have accessory that complements any outfit. Stand out from the crowd and make a fashion statement, even on the dreariest of days.\n\nGrab your Yellow Raincoat now and face the rain with confidence and flair! Make the most of every rainy day with our stylish and practical raincoat. Stay dry, stay chic!" 🌈🌧️	Fashionable Yellow Design	Premium Waterproof Protection	Versatile and Comfortable	https://navbharattimes.indiatimes.com/thumb/84551154/-100-84551154.jpg?imgsize=87956&width=1200&height=900&resizemode=75	Trendify private limited	keywords... yellow raincoat yellowraincoat raincoat rainwear dress clothing	10
68	pearl childrens raincoat	799	5	5	"Adorable and Waterproof: Pearl Children's Raincoat! 🌧️🌈\n\nLet your little ones dance in the rain with our charming Pearl Children's Raincoat! Crafted with love and designed for ultimate functionality, this delightful raincoat keeps your kids dry and stylish during rainy days.\n\nMade from high-quality, waterproof material, the Pearl Raincoat ensures maximum protection against rain showers and drizzles, keeping your children happy and comfortable throughout their outdoor adventures. The playful design and vibrant colors add a touch of fun, making rainy days exciting and full of laughter!\n\nSafety comes first, and that's why the Pearl Raincoat features easy-to-use snap buttons and an adjustable hood, allowing you to customize the fit for your growing child. The lightweight and durable construction make it easy to carry, ensuring your little one is always prepared for unexpected weather changes.\n\nWhether they're splashing in puddles or walking to school, the Pearl Children's Raincoat is the perfect companion for all seasons. Get yours today and let your kids embrace the joy of rainy days with confidence and style! ☔👧👦"	Premium Waterproof Protection	Charming & Playful Design	Perfect Fit & Easy-to-Use	https://m.media-amazon.com/images/I/61gWBrNmUWL._AC_UY1100_.jpg	Trendify private limited	keywords... pearl childrens raincoat childrens raincoat childrensraincoat rain coat dress clothing	10
69	love greeting card	199	1	5	"Express Your Love with our Heartfelt Greeting Card! 💕💌\n\nSending a message straight from the heart has never been more delightful than with our Love Greeting Card. Whether it's a sweet confession, an anniversary celebration, or just a simple reminder of your affection, this beautifully crafted card captures the essence of love in every word.\n\nDesigned with lovebirds in mind, the charming artwork and carefully curated message inside will tug at your loved one's heartstrings and leave a lasting impression. Each card is made with premium quality materials, adding a touch of elegance to your heartfelt expression.\n\nSurprise your special someone and show them how much they mean to you with our Love Greeting Card. In a world of digital communication, this tangible gesture will make your affection stand out and create cherished memories for years to come. Spread the love and make every moment count with our enchanting Love Greeting Card! 💞🌟"	Heartfelt Expressions	Premium Quality	Unforgettable Memories	data:image/jpeg;base64,/9j/4AAQSkZJRgABAQAAAQABAAD/2wCEAAoHCBISFRgSEhISEhIYGBEYEhgYGBgYGBkRGBkZGRgUGBgcIS8lHB4rHxgYJkYmKy8xNTU3GiQ7QDszPy40NjEBDAwMEA8QHhISHzQkJSw2NDQ6ND80NDQ0NDQ0NDQ0NjY0NDQ0MTY0NDE1NDE0MTQ0NDQ0NjQ2NDQ0NDY0NDQ0NP/AABEIAOEA4QMBIgACEQEDEQH/xAAcAAACAgMBAQAAAAAAAAAAAAAAAQIFAwQGBwj/xABEEAACAgECAwUFBAcFBwUBAAABAgADEQQSBSExBkFRYXETIjKBkRRCUqEHIzNicrHBFYKSsvAWJDRTk9HSQ0RUc+EX/8QAGgEBAAMBAQEAAAAAAAAAAAAAAAECAwQFBv/EACsRAAICAQQBBAEDBQEAAAAAAAABAhEDEiExUUEEE2GhIjJx8EKRsdHxFP/aAAwDAQACEQMRAD8A9EzJSAkhLEDhCEAYjMjmGYA8xZhCAEDACSxAIgRgRxZgCMIQgAYQMIAEyJkyJAwCMRkiZEwBQMIjACBhCAKIxwgEYGEIAoQhANiNYGMCAOEIQAixGBJhIBACTCye2BEAhEI4pICRIkjEDIAoGBiEAcUcUAnIMJOQYwCBihCAKEBFACEIQBGRkjIwAiMMwMkChCEgG0ZKUe/iL92jq+dlp+mEEf2HWN+01pX/AOqlE/N98z9xG3tdtF4DJBZSDg+fj1Osfx/WlP8AIFjHAtP95bLP47LH/wAzGRrI0R7+i4e1E+JlX1IH85qtxnSg49vUT4K4Y/Rcma1XB9MnNdPSD47Fz9cTdRAvJQAPIYjWxUPkx/2xUfhFr+lVmPqVxA8RJ+Gi4+oRf8zZmWEamKXRg+1WnpSo/icfyVTE76gg7fYocHGd78/PpNgQkamNujFw7V+2rD42tzWxfw2LydfkQZtSpf8AUXCzpVcVWzwW7oj+jfCfPbLeaRlaKzjTtcMgY4GEsUI5jhiGIA8yLTIOUTmAYjERHFAIwJgTIkwBkxCOEARihEYAoRmKSAhCEgGlxjjtOkKC4WAPnaypuXkRkEg9RnOPpFrePU11e2BewbA6qqsGassFyAwHQkA56ZGcZEhrmo1mk9qa2sQoXrCDLrYAeSYBO8HI5Si0msXUhXKttRfZ3hnRGVmJQBx7i+8Mj3Rz5A4KqRyM7Y441bT25LZNbqK9ReWIu04VGREwbUs9mHCBMZOcE9e8eeNngfHF1RsT2b1WVlA6OQT72cHl6ESr1NLjc9ddaOtrspsHthY+Odu2o7t/NlAIOAOg7sR45XpLvaNWzVajbvvLnO9Mpj2TgFEXB+XjCZMoqS2W52EIkcEZBBB6EcwR4gxgy5yjEIoQAhCEAxamhbEatxlWBB/7jzmHhGpZlaqw5uqIVz+NPuWD+IfmCO6bZlZxRTWy6pASyAi1R1eg/Fy7yvxD0I75aLp2WStaf5ZcSJiR1YBlIKkAgjoQehjM3MaHFmEjIBkBkGMeZFjAIkyJMDFAEYoyJGAOEIQAiMcUAUIZjMkChCEAoOEauunVPpkdWpuLW0YPJLf/AFKvQ/EJt9qdZXStVltbWItqtuXrW6qxR/AknC8+5jJdpOGWPUFpoqR1dHqdGw6Ohyr/AA48iM98dDV8R0u2xcFvdtQcil6HmB38mGfScnOx2RkpVN/s/wDZTVrRYQq3ph2Dsj5JUaj9dWnLkx3swyGBGVwdyjPQjg9JVBZWtrIMIz++455+Nhk4IHM+E5/hvZBhsN7o5qsU0sFyTUrElHB5bTyYYOV3GdcYSGaST/F2AMkDIQzJOcmDHMW/vJwO/wBJ5F2m7VXaqxhXY9enBIrRWK7x03PjmxPh0EhujfFhlkdI9ftsVFLOQqqCWLHACjmSSegnnPHf0huWKaNFVBke0dcs3mqHko9cnyE467iGoCNQ1tvsyVLozNjIOQNrdO449J03ZnsIdTWt99prrcZRU2lyv4mY5C9/LBPp0kW2dKwQxflN2R4V+kHVVuPtG2+s43YUI4HipXAPoRz8RPUNPeliq6MHR1VkI6FWGQfpPNu03YT7PW1+msexUBNiPt3hB1dWUDOPDHTPPunRfo11BfR7Tz2WWIv8J2v/ADcyy6M80ISjrgXOgcadzpm5VtufTHu2/fq/uk5HkfKbmp4pp622WX01v+F3RT9CZ5/237Uh3Gm03Mo4zaud3tBkbaiPXBPf0HjOPfheoCtYaLNik+0Yqcq3fvHxDr1MssjWyQj6VSVydHvKkEZBBB5gjmCPEGBnm36NOMMrto3bNbKz1ZPwuuNyr5EZOPFT4z0iaxlqVnJmxPHKmMxMJNRE0sZGGEZ8O/ugYJFIwhBAQihmAOLMIoAQMIQBQjhALJ2x6Tj3vGl1XtelGpYJaO5L/uWeW74T8pf6+1tuROP4raLEat/hYHI8+4+oPOee8lSOrEu+GdsZGUnZTihvp2WHN1RCWfvD7j/MD6gy6m92ik4uMqYGQYxmYrIKop+1mvFWlubOGZCi467n9wfz/KeZdneJrpLRcaktwCAGyCviyHoG88fTM7X9IAJ02e4Omfrj+s83FjBSMja2MjC565+LGe6Zt7np+livbfmzquyHBP7Qtuv1O415fcQSC175PI/ug5/wzouzPFatDp3p1dqo1N91ajmWYe62VRcnB3E+WZzfZzjF2jrNdC12mwI4DsF2vgo425BY+6vQ90tezev0mrudNVpKftLktvILByowVAfOwgDoPA98smRkhJ3q42Ot4bx/SawOlVgY7W3owKtsxgnaw5jn1GZ57Txn7Jw9NNU2LrzY9hB5pUx2qMjozKg8wDnwmt2g0Y4frMUlgmFdBuORW4ZXTcfRxk9xHWdN2T7H0vQbNVXlrR+rXmDXX91lPUMeufDAPfFtlVCGNXdp1sbX6P8AQ6MIbKnFuoGBYWUqyZ6KinovI+8OuD4YFxxek0v9qQe5gLqVHendbjxXofL0nIfo8qavV3JnKoliMfErYqg/kZ6O2DyIyD1HlLR4OfO3HI97PMadAtPFa0rAFb7nQL0CPW+QPLcD8sTunour51OW/cJ/IZnNVaEVcUSsuNiUWNRnqA7MBXnvxl8eQ8p0Wt45p6EZ7LUOzqqsrOT3LtBzmSqIzXJpLfZGFu1QqyNRVZWB1JXH/wCH5Tl+Odu7bz7PRq9aHlvxmxv4QM7R+fpMmn0Gp4u4u1BajRg/q0HxMPEZ8fxH5eM6Jey1CDFOazjH4s+ZJ5n6w3JrYJY8b33f0jyvU+1V82e0FnXL7w/rk8/nPXOyute7S1WWEs+GVmPVijFdx8yAJx3bThr1pWWO8l9iY5k5UkgDzwJd8C1zaepKLKyhQY5ggkkkk8/MmIy0vcvnkp400t7OphmaGk4lXa/s1Pv+E39jeE3Uk+DhqghEUbwgA3hJIJQkefhAE+BiwSAgYyuBlvpMZsEWCWISHtBCAeacD7aWJiuxmNZ5DdzK+jHqPIzHxvjSEn2b72DEYwfmc9DORtE6XslwCvWK9ltgRUyoXOCz4BDH93mJwaFLc9f1eNQd8C7OcdfT6lbHGK2wlg8az1OPEcm+RHfPX1YEZBBB5gjoQe+eRvwbTo6JXqktsDEsvMg96qAMZHLBORjM7XsZxVXV9Lu3Gon2ZzkmjPIeZU8vTbNY7bHJJao35X+DpmkHEmYmEMxRQdo9L7Siyv8AEjbf4gMr+YE8gBztHn/Oe5ayncCO/uni3EaDTc9ZGNrty8jzH5ESjPR9HLZxItUD3c5v8GLfa6iuSwdCT6D3/wCs1KansBZF90fE5wqD+JzyEzrqFqBWlt9rAq9gBAVe9KgeZJ6bj8h3wdc2ndF5q2Gv4iqj3q1KKx7vZVks59CxK/3hPSdbrFpqe1vhRGb6Dko9TgfOcz2W4H9lTc+PauBv/dHUIPT8zMfaC5tZanD6idgKvqnHRVHML69+PEr5yUefOpySXCMn6O9Ey1PqbB79znHmik5b5uz/AEE6/MxUVrWi1oAqKAqgdygYAksy62RzZJaptnJdpeAe0a/U36r2NQWvYqgfcUhS7HnzZ390fi6zzVaDtFmMITgeOcZ5z0PUMeK6n2ak/YKG/WEdLbR0UeX9OfeJg/SDwpUVNRXhRlEsUcgcA7GA8gCPpI2OvFOmot7nSdmuJrqKEYsvtNuLFHL31JUkDwOM/OXInjfDOOpV+rZH90kh18Tz/rLK3t1qsGuogDoGcBn+XcPnmbS0xgne/RwLHlnmcdNK3v4Ozsq+16sO2Ps+lyFJ6Pq2wTz8EAX5+hlub6bDs31ufw7lJ+mZ4w6amxMMLnrUE4O7aBzJOD55OZpgAdJjq+DtXpVPbVwe1jg9KuLFVq3Bz7pIB8iJai0Si7IX2WaOp7SSxDgE8yUDsEJPf7oHOXXKaxdLY4ZxcZOL8GYERzCFEl85bUylGSIuo7xIYHfMGo1VdfNlbHiFJH1kpOT2Ik1FWzYLA+cWB4Srbj1I6Kx+WJiftDX3Vt9RNlil0YP1OLsudohKT/aNfwH6iEe1Loj/ANOPs8UaRpUkkLuB5/CSvI9cnw5QMxo5Uk4B9Z5sT6n1aTjuWmlqFYPM5YFTg/cPVZs8N4jZprUtTnsI5dCU6FD4gjIz3Sp+3Z658uXdMD63PQH6SUpWeepRXB9BaXUpai2VnKOoZT5HuPnMhnnv6NePbg2ksOOZarP4urIPUe96hvGehMZoc8409uDFYpM857WcK1Vmr9pRSxwlY3YTbuG4HO/kTjE9HMwWrkyrRbFkcHaPPdN2O1NxDaq/AHcCXOPAZ91fkDN7S8Go+1pRUg9np1FlzHmz3N8Csx8OuOnIzrdTctaNY3JUVmb0UZP8pwfCuK3FWr0yGzWXu72v91ATgYz3Ac8nkM98qzpjOc03/wAOj49xg1kUUD2mqfkijntz95vlzx8zyE3+z3CV0leCd9rndc/Us/gCeeBk/me+a/A+CJpAXdvaah/2jnJPPmVUnnjz6n6AWm4mSjCcklpjx32bIec92r4k52aLTH/eL+RI+5T95ie7ln6GWOu1qUVvbYcIgJPn4KPMnA+cpey9BCvxHVELZaCwLchXpxzAz3ZAHyAktkQj/U/H2zpOE8Pr0tSU1jCoOZ72b7znzJnC9u+O13lNNQfaFXJcrzU2Y2qi/iPMzPr+K6jiRdNOx0+iTJuubI3KOZ88YHwj5zS7D8HW3UG1VPsajld3Vn+4D5ge8cdCBIbs2hBRuc3uiqXs3eLDXau1wquVBySjd4I64PLlLbT6WurkigEdTjnnzM7PtDpTtXUV4FtJ3Ano1Z5PWfIjn6gTl+H0+1sVCcAsN5PL3BzYk93IGZZd6SOfNllPzt0YeM6S6qg3NYqowUKv3iX5Y9cZPoJRcC4JZrLNlfu1rj2jn4VHh5sfCdBxNL+LXEaRAdJScBmfYHY9WVtp94jpyOBzPxTc1PE9TwxUQ8OqrpzhWW4uC5GTucDO44PNhznTtST4RpiTxQcY/qf0ddwrS2VKtbPW6KoVAE24UDAHXHd4TfKSo7M8VTW1GwVtWysUdSdw3YDZVuWRhh3S59j5mbbPc4mpRdS5MeCJIGS9mfxR7D5GRpFkY8SQHkR/rxktsgGk/DaWO5q1J7+WP5SS8NpHStPpNwJDZJ1y7Ke3DpGr9iq/5Sf4RHNnaYSdcifbj0fN5MdVZdsAE8vylhX2f1bdKiB5lR/WXPB+y2pViz7UzgciTy+k5owZ7ubNGUas5xeHOfun6TOnB3/CZ6FpuC7fiOZurw5B3TTSzgconn2g4ddW62Vgq6kMp/eHMT1rhXEF1NSWry3D3l/DYOTIfQ5lSdIvgJrcOs+y6nYeVOpPLwXVAdP74/MCQ40G1ONeVwdU0wuJnkSkqzFMq+K6A6itqt5rVyu8gZOwHJAzyycAc5Ph/DqdKmypAv4j1Zj4s3f/ACm8wxNdjK0W1utPgieckBGomjx3iK6Wh7jjIGEH4rDyUfXn6AwIpt0ih4441epXSbgumoHtdW2cLkcwhP8ArqfCYf1nFrNi7q+H1nBIGDYw7h/27vXpzFmsCoKGdiHYW610wXZjzFKnpyHy3Me4Yl7pdbq9eo0mhpXT6ZcK7AnATwd/Mc9oGTB2OGmK+PJLtBxSuzboNI1denQgWPkKh2927vQHmT94j69NwVzXUtOi09lqjrbZmqtnPxPlhufP7oPcOgm7wTstpdIgYor2KMva4HXvIB5IP9EmcRqO2V/tnOnZnd8qqqAyqgPugZ5DHiPPJkPajGU1JVFX/PJfdq7LKUH2jVKXY59kihECDvbOXc5wBzGefLlOe4Jwu/iT+5up0ikix+hbuKL+I92Ogzz7hHpOEix/tHE7t/3igf3R/G+cn0XP8QEuV7VtYhq0lG9VJVGTNdKoOmG6/IfQ9I0pu2Uqnfn6R09ddWirFVdyVogOFZA7eJZthBz3ljOZ4ndqeLEU6dU+yo257yrIjuARtUNknGW6d/XAxmWj4WtmG1dvtQMEVAlaxjpvyd1h9cDynTpxCpFC7661AAUZVQB4AdAJpbapkKWl6krY+E6ZdJUtKaewIuckMjlmPxM3vAkn0/lNz7cnetq+tVmPqFImpRxmh2CJdWznoocEn5CWC2S6l0Yy3dyRA66odbEX+I7f82ILxCg9LqSf40/7zOrGDAHqAfUZk6itRBHDdCG9CD/KSImpZwzTuctRST47Fz9cZlbr7NHpm2u91RAB9xr9oBzzIUlR0741dlowUnSsvRAtKbh9yX5On11j4AJUitsA95DIG/OZxZcH9mL9LY+CdhRkfAxknDty5j7saokvG06LHfCae7Vf8vT/APVf/wAIotEe2zF9iHgJE6XylqySJSXI1Mqm0/lMLUy5NUxPRA1FK6GV/FdF7atq87W5Gtu9bF5qw9DOkfSTSv0h8JVo0jKmmYez/ETqaVduVi5S5fC1OTfXr85aTkVt+xan2jZGnvwtpPRLR8Fh8iOR+svv7U3+7pqrNSfxKNlQ8za2FP8Ad3TF7GksbbtcM3WXMrtdraaf2liqx+FersfBUHvH5CZv7J1Nv7fUeyQ/c0+QceDXN7x/uhZu6Dg2n0+fZVKrH4nPvO38Ttlj9ZFNlPxjy7KVLtXb+woFSH7+oypx4rUvvH+8Vnn3bfU2e2NDXvd7PHtDgIgtIyQiDoACBkknOec9o9nOb1PAOHVlrG0q2WMWZt25yWJySd5I6mHE1xZYxfB5Rw3UaRNpfT36qz8G9a03eGFDM35Z8J1h7TcSCivT6OnR1ge6ChBA8lbH12GWPEeIPWuzTaY0J4UoiE+r4yPkJyWtGsfmtZHPmB7z+u9yWB/hxBo5qXK/uQ4lZbb72v1zMvLFaEvk+SLhAfpK9+ICv3aQaq/39oZvMgZ/MtIOrKf1ldqHvJGWJ/iPWYCK85JI9QQfqYa7LqCa5R0Gn0pesXvZWy4BBZDYRzxyTG0HP7mZis1yMSp4htI6h0cAeWMgfLEqktsYqg1Ps6hnkCwUd/NUHMzbo0GkLhWLWHl77E1Vk+A2qz/M4lOOWYSxyjbshbrK1/8AdWXeSoUX6s/9DNjhFiWPhqlc9cEt0+R5zd1PD+H7tu1qAoGHDKysevIFix9cCa2gurpf/d2FzE499NoA7/e3ZH0kqV9lsbTj5s9A4MyKoFdaV/wqB9cToaSZV6F0wCoBB7xzlpU4miOWXJtKZIGY1MmskoyYnOaijTLYXpKNbvTf7+8I5I2gIT7pJ8B64nRTUp4RpkbemnpR+5gihgfEHGRIas0hJRuysXlhf1hCu7YClMWIC+1MABxkHOSVztHMzDw7SI7lVrXYVLMw2bkbJOxypDqwJJ27cZHXlN/S9n663De1vetSTXWz5RSc55dSOZ5Hl6yWst0eiU2muqonI9xFV379owBn+UijXUm6juzS/wBkq/8A5Os/6o/8YSp//oVf/JP+Mf8AjCSW0ZTupICPEAJucQbYbY4QBbYtg8JKOAaur4fVaprsrSxD1BH+sSqPZzYMaXVanTAdFDixB5bLAeXoZfwkOKZdTklSZzLJxar4X0mrXwZWpfHqpK5kT2nsr/4vQaqnxdALU9cp3Tp4ESHEt7naTKLSdqtDbyTU1hvwuSjemGxLMbHGVKuPEEEflMWv4Nprxi2iqzzZRn69ZQX9hNMDu09mo0reNdhx/hbMq4snVB9o6BtKp7hMD8OQ/dEoG4Rxej9jra9Qo6LcnPHhuEie0XEaP+K4cXUdXpbcPXaZRx+Ca6dl1ZwmtuRQEeYBlfqOy2mfrUny5fykdN270LnbY1lD+FiFefrL7S6+i0ZrtrsH7rA/lIoNSRyN/YLSN9wj0M0rP0c0Ho7j6T0QoItsaSNbPN1/RvUP/Ub6CWGi7DUVnOWY+ZncGsRbIoa2Vem4cqABRgCbiUYmyEkgslIo2YlSTCyeI8SwIgQJx/WV3F+N0aUfrGy5+FF5uT6d3qZzd2n4hxH4/wDdNMei/eZfTqfny8pH7Gix7XLZG5xztnVUfZ6ce3uPIYyVB+XxfLl5yk03ZvWa1/bax2RT90/Ft8MdFHkJ1vB+zmn0oyibrO925sT690t8TRR7IeVRVQVfPk5X/YjS+DQnVQlqRnrn2ZsQhHBUIQhACEIQAhHAQBQjhAFFHCARIgRHCAamq4dTaMWV12D95QZzus7BaFzuRHpfxrYrj5TrYocUyynJcM4Y9luIU/8AC8RsIHRLBuHpmR/tTjWn/baWvUqOpQ7Tj0nd4ixK6UX91+dzjtN280+duoqu0zd+9SVz6idBoeM6W8ZrurfyDDP0m1fpK7Bh0Vx5gGUWt7F6Kw5Ffs2/EhKn8pGhjVB8qjohCcgvZvWUc9LrXKjolnvD0zIXaTi159nZZXTX95kPX075Wn0WUYvyjouI8a0+n/aWDd3IvvMfQCVq6nWav9mn2So/ffnYw/dXos2eEdm6NP72PaWd7vzYny8Jcyyi/JDnGP6Vfyyr4dwCik78Gyw82d/eYnxyektJKIy6SXBnKUpO27FCEJJUUIQggzQhCQSEIQgBCEIA4RQgDhFCAEIQgBFCEAIGEDAFCEIARRxQAkZKEAIQhJASMIQAhCEAIRQgGaEUJAHCKEAcIo4AQhCAEcUIAQhCAKEIQAhCKAEIQMAUIQgAYQhBAQhCCQkYQgBCEIAoQhAMsBCEAIQhACEIQBwhCAEIQgChCEAIQhACKEIAGEIQBQhCAEIQgBCEIBGEIQAhCEAIQhAP/9k=	Trendify private limited	keywords... love greeting card lovegreetingcard greetingcard card	10
71	us polo blue mens tshirt	999	4	5	"Elevate Your Style with US Polo Blue Men's T-Shirt! 👕💙\n\nMake a bold fashion statement with the iconic US Polo Blue Men's T-Shirt, designed to exude confidence and effortless style. Crafted from premium quality fabric, this tee offers ultimate comfort and a perfect fit, making it a go-to choice for any occasion.\n\nThe timeless blue hue adds a touch of sophistication, while the classic US Polo logo proudly displayed on the chest showcases your impeccable taste in fashion. Whether you're dressing up for a casual outing with friends or need a versatile piece for your daily wardrobe, this t-shirt is the epitome of laid-back elegance.\n\nPair it with your favorite jeans, shorts, or chinos, and you're all set to turn heads wherever you go. The US Polo Blue Men's T-Shirt is not just an outfit; it's an attitude that speaks volumes about your individuality and style.\n\nJoin the trendsetters today and elevate your fashion game with the US Polo Blue Men's T-Shirt. Embrace comfort, embrace style—grab yours now and stand out from the crowd!" 🌟🕶️	Timeless Elegance	Premium Comfort	Versatile Wardrobe Essential	https://5.imimg.com/data5/BG/UM/MY-23375112/61.jpg	Trendify private limited	keywords... us polo blue mens tshirt uspolobluemenstshirt uspolo bluemenstshirt clothing wear mensclothing	10
72	adidas mens tshirt	997	3	5	"Upgrade Your Style with the Adidas Men's T-Shirt! 👕✨\n\nElevate your wardrobe with the iconic Adidas Men's T-Shirt, the perfect blend of comfort and style. Crafted from premium materials, this trendy t-shirt offers a relaxed fit that's ideal for all-day wear. The classic Adidas logo adds a touch of sporty sophistication, making it a must-have for fashion-conscious individuals and athleisure enthusiasts alike.\n\nVersatile and effortlessly cool, this t-shirt pairs perfectly with your favorite jeans, joggers, or shorts, ensuring you stand out in any setting, whether it's hitting the gym, hanging out with friends, or running errands in town. Experience the exceptional quality and timeless design that only Adidas can deliver.\n\nBe a trendsetter and grab your Adidas Men's T-Shirt now! Step up your style game and make a lasting impression wherever you go with this essential piece in your wardrobe." 🏀🔥	Iconic Adidas Design	Unmatched Comfort	Versatile Wardrobe Essential	data:image/jpeg;base64,/9j/4AAQSkZJRgABAQAAAQABAAD/2wCEAAoHCBYWFRgWFRUYGBgaGhoaGhoYGBgYGhgYGhgZGhgaGhgcIS4lHB4rIRgYJjgmKy8xNTU1GiQ7QDs0Py40NTEBDAwMEA8QHhISHjQlJCExNDQxNDQ0NDQxNDE0NDE0NDQ0NDQ0NDQ0MTQ0MTQ0NDQxNDQ0NDQ0NDQ0NDQ0MTQxNP/AABEIAPwAyAMBIgACEQEDEQH/xAAbAAAABwEAAAAAAAAAAAAAAAAAAQIDBAUGB//EAD8QAAIBAgIGBwUECQUBAAAAAAECAAMRBCEFBhIxQVEiYXGBkaGxEzJSwdFCcpLwBxQVU4KisuHxFiMzYnND/8QAGQEAAwEBAQAAAAAAAAAAAAAAAAEDAgQF/8QAJBEAAgIBBAIDAQEBAAAAAAAAAAECEQMTITFREmEiMkEEgXH/2gAMAwEAAhEDEQA/ALIwoZhSggQQQQAEEEEABAYIIAETKnTWJtsoOJuewbvz1SXitI0095hccBmfAfOZzF4jbYuOO6/ADcJuEd7I5Z0qR1bVFFGCoBdwQD+K52v5tqWj0gd8w2oGmwrfqzmwclqROXTtd07wNodYedBKzhyxcZtM7cM/KCaKyroxCNxB5hiJitYq74dugxI67XnQa7WBM5brNUepWJtZRkv1ky8XZX4jWGo2RYDuPyma0npLYsSNosezIWv6y2xWF2RczHaScs9zu3DslccbZPK6RuVcEAruIBHYRlEMZWau4sNSCE9JCRa+ezvBtyzt3SyYzpOUQ5jLNFuZHcxMAmaNs0DGNkwAVeOIZHvHUMAJSGCJSCMDemCHCjAEOFGMXjEpi7tbkN5PYICbofiK1VUF3YKOZNpncXrA7ZUxsjmc2+g85T1XZzdmLHmTcyixv9JSzJcGkxOsCDJAXPP3R55mU+K0rVfItsjkuQ8d5kG0O0qoxRKWSUgo/hzwjNo5TNiIyY+GIIIJBBBBG9WBuCORBznU9VtY1xCBHIFVR0huDD4l6vScucgA3sLc+A+UqKWmGNQexcoEu21dVJsDexYiyjiN55cJDNCMlvydH88pRdLg75jmNjaZKpo0u5vukXVLW1sQAlUAPsggjIOuV7jgwuPHhNaaY2SQJwSi4umepCScbRzrWSkB0F3+g5n88pzPSTgudn3RkOu2895m2110qqM9NWvVb3iM9hfsrfhffb7vVMHadWKPjH2zjyyuXpDakg3BII3EZEd8tsJp2ouT9MdeTePHvkBEyhmlKeJPyNNh9JU6mStY/C2R7uB7o44mSNKTMPjqiZX2hybPwO8TLizSki7YRBEbw+kUfI9E8juPYZJNOIYyBHEivZw1WADiwQrwQA6AYUMwowGsVX2ELceA5mZDHHabaJueJl5p+owKgiykXB+LOx8LTPs8vBUrOTLK5V0M2hiKIhTZITDvBEmAwzEkwEwjGBHx9J6gC7ZCjeAN56zx7OqM4TAKvbJphETPirs15OqDw1b2Tq6/Z3gcVORFpodL/pGanTNOkoLlbbZOak7js9nPymP0jiGF1QZ2uSbZZXsAd5tn+cqMUGOeZkMkYyldbnVilKMab2Y3Wqs7FmJLMSSTvJMXRbnHVwhj9LCwjB2KU1Q3hgbmSdiPJSAiisqo0iMpWyN7OA0pJtBaOhWRDSj+HxroLHpLyO8dhiiJGxTZW55TMoqjcZOy/wANXV1DLu4jiDyMWwme0Tith7H3XyPUfsn5d80DtIPY6ExDGCIZoIrA6MYAM7cTCMewq3cdVz4AzQD2lMKjpsMLgbjxFhvBmE0ho9qTZ5qdzfXkZt8RVveQqoVgQwDA7wYRm4mJ41L/AKYkwS+q6v3J2HAXeARcgdvGENXG/eL+E/WX1I9nPpS6KCEZf/6cP7wfhP1hf6cP7wfh/vDUj2GlLooDEky+bV0/vB+E/WNNq+w+2v4TDUj2GlLopYky4OgX+NfAxt9BuM9pPP6R+cew05dGcqIS5NzYgggccyM+6O7AkxcCCV6YBYXtbrPXJP7Gfg6ntuJlSimacZNIqSkLZlk2iKg+E9h+ojTaNqj7HgVPzmvKPZnxl0RNmJYSU2Ecb0bwJjFSmw3qR2giO0FMYMJjAzRio8TYJCneV9epduyOVHvG6NEtew/t3ycpFYRoZaaWjW2lVjxAJ7eMqKOGAzOZ8pY0mykm7KpD5aCNbUEQzp5j2HNto8lPn+TGTKHTGOdH6DEWUAjgb55jjwm1Fy2Mykoq2Xe3lGC+UqsBptWstSyn4vsnt+GTqpymZRcXTHGSkrRIw9Ybvz1SYszVDGhX2TvYgDtF2I8AfCaNTlEaFmIJizENABpzGXjzSM5gAlmkeu3RbsPpHGkfEnoP91vQwQmZ7DYZ3emy5BUF+F9pRY7s9m5NuN7biZoisi4KnsqvUqjwUSUWjfILgSREsIpjEmIYy5kWq0fqSJVaAEauAd6g9oErq2HT4R3ZekmV6kqq9aOxUgzgUNsyLnPP7IzbyBjWJxCkEIuyoyA59ZjeMxHRABzII7svz3xkjcvjE22FJDo3CSKZjBGQjqQGO7UEReFADq5Mx2lKu0zNzJt2cJp9KVCtNiBv6OXAHK5/PGY/FNL41+nNmlwiOpj9LSLoNkG68jn4cpFVoziGlGk+SUW09iSdKqaqMRskMLneLcc+y475tqOKW/vL4icnxj5y6wDbShjyXx2ReR8E3SOjUcY2zo/6wnF0/Ev1iHxifvE/Gv1mIEQTHo+zOu+jZvjKfxp3OsjPi0v76fiX6zIO8ZLw0l2Gs+jZ/rlP40/Ev1kbH4lPZuQ6noNYBgSTsm1gN5mULxBcw0l2Gs+jRnFLYAVEyG6+zwk2mN3SB7CJjfaGHtw0l2PWfRs2WIYzIisRuJHYSIf60/xt+IxaXset6NHVaQazyqbHP8Z9fWR6ukX5g90TxtGlkTJWJqStc7zGamkCd4HdlEPihskC95Npm7Cc3cdQH1jlPM3kP2tifz1Q0rNwMEhlhUcA5m0QuKBYADIneZBGeZh34zSRlstiYIV4Jk0dXq0wylSLggg98oMdqvW2DUSzrciwyewtnbce7wmgM12hqI9ggPG58WMcsjgrQlijN1I4WUIaxBBG8EEEdojWJccZ27SGq2Hre+mfAjosOxhnMNrB+j10uaFUOPhqDZYfxrkfATcf6Iy52Jz/AJpRfx3OW4hs5daFqr7IXOd29f7yLjNA10LbahbbyWU+FiZaro/2V05BCb/EUUt53jhJOWwskXGG4o1BCNTKNtSjhSyGXOYiu5Mbi4RERoTeJvDhQAIwrw4iAAJiWeGREFbxM0JepI1V4/XUKM5AqNeYk6KQViCYlzDEIgnsHzkW9iqERxY3HFiQ2LURVogSdT0e5UsV2VHE5HlkN83aXJnxb4HMM90Hh4QodGlsg53vCmDZ15puNHps00HJV9Jh1W5A5m3iZvlFpPM+EVwrkUTKTTFaymW1V7CZPT+KyMii5h8edusqfE4v2DM+QMvqeAp1C22gJyzzB6sx2Si0YNquW+FT4tkPLamjwbdLu+f950wtKzlyPydMr8Rq0v2HI+8Aw8RaVmkdAVFAF0PYSPUTagys0o1zKLJIi8UX+GJ/Y9Xkv4hENomr8I/Ev1mmLco3U3R6khaUTLPo6r8H8y/WIOjqnwea/WaB3iLw1JD0olB+z6nwea/WA4Cp8B8R9Ze7UUIajFpRM42EcfYbw+kR7F/hbwM0jQAx6rDSXZiMcTtWIPhIpmh0p75kETDlbNqNIrRSY7gZMwFIWYEXuQD3f5j9Q5QsGOj2k/T5TLdjSG6ei9prBrDsv85d4PVVCLu7HqFhImEPTmvwgyElKTTLximuCvpaFpp7i58zmfGIx1Iezf7p8s5dOkrsYvRYdR9JG9ylbUZCCCCdZynYdG09qqg/7A+Gfym3JymR1eS9cH4Qx8rfOaytkJDM/kXwrYrcfirA5zC6wYzIi8ttO4o7VhxmM0y7XtxOQHWd0xErJbE3QVKyM53u3kuQ89qXGDvtZcj6iRKNMIioPsgDttxk3R/vHs+YnWlSONu2WKNlKnHb5asQBKfGNnxiAhj8743VyBjwHXG8RugBWPwgaJqb4ZOe+AAIjqjKMtH/ALMAGWhmE0DGAFFpL3zIBEnY89MyJeACTui6Iso7/WIqRxdwgA5hz0xNngTkJiVazCa7RtTISM+S+PgtHWVuKThzlxTW4kDSFK0iVMARDjuLTZdx/wBj63gnUjkZ2/VROm55KB4n+009SZ3VNffPWo8L/WaJ5DJ9mXx/VGb0vhFJvaYLTVK2IQ8NtPUTpePWc+0+tqiHky/1CEOTc+B9jGnxYp2c3tcKbcASOkeob+wGLMi422w1/wAnhOxK2cUnSs0dVujeVFbMyg/atVV2Q1wNwIBy7d8JdNOPeUHsJH1jeKSMLNFl2SJGxG6QDpteKHxERW0wh+yw8PrM+EujXnHsJznADIT6RQ8T4RS45Pi9YeL6H5LslEx/hK9sYnxiSP15Le+POKmPyXYswm3GMHHJ8YiH0gnxrCmFoq8bvMiCOY7FITkwPZIbYpes90VDsdc5x4SAcVyHjJiPcAjiIAKmi0U91Ezs0egad5LIVxGq0clxFaTw/Rk/RuHsIelVspnOy5yvTKWqnrAPlb5Qo9rAv+4Pu/MwTrx/U48n2Oz6pnov94ek0L7pmNU6nSdfun+qadpGf2Z0Q+qK3GrlOf6xp0geRHrOi4pZgtZ03xRKEVjIGkm6IHM+gk1jKPTbOWAU7h6n+wnbBWzzsjpMjYsgASKQTItVK289IDlBSxN8jkeRl7Oah4xtxHCYipAaIbxMW8REaBePXjAMdEEJhNIldpKaQ68UuDUSI8EDQpFl0AmTcA2RHI+sgyfgV6N+Z9JljRJm31Zw9wDMOu8Tpeq9HojskchfF+mmwyWErtMN0TLdRlKPTfumc7Lo5xrD769h9YIWsB6a/d+cE68f1OSf2Oo6vVtmtb4gR3jP5GbVTlOdYSrsVEbkwv2bjOh0GuJPKvlZbE/jQzidxmF1mXIzeYoZTDayjIzCKlPfKVOkT0/4R6mWnCU2PPTPd6Cd2Pk83PwMMZCxGHDZ8eclssaZTLnKiArEZGLePVqN5GZSN8Ruxh40Y8wvCZYjQ3FgxJWAGABmQ8SbSUZCxe+ZlwajyRzCh2g2ZIsCT8H7g7T6yCZMwJ6J6jMyGiVTHSHaPWda1cpWQdk5Phh00+8vqJ2XQdPoDskch0Yv0s2Ezen3spmjxDWEx2n61zaQLfhhdOt/uDqUephxnSr3qt1WHkIJ1w+pxy5OguZ0HQ9fbpo3NR48fOc9czXao4i6FPhbyOfreZyrazeJ70X+IGUwus675vK26YjWhJE6UZsmU2JW7N2mXDGVGJcbbds78fJ5mfhEGozcDu4GNLjLZMLR2tXW/IxqrTDCWOdexz9YXnImKrrbKRq9Fl4yKxMTZpJElXipEDx1KkzZpoUYUU0KMBBMjV1ksiR8QtgZmXBqL3IogYRO1CLyVorTDKx7AnMjmL+H+YwVMkYFcz2TLNItMAL1E++vqJ2zRSWQdk4po0/7tP8A9E/qE7lo9egOyQycnRi4Yzj2sDMPpJ7uZsNLPYGYDS1bZR26iB2nIesklbKt0jKV32mZuZJ8TBG4J1nIdKcy61TxGzWK/EvmuY8iZRsZI0bX2KqPyYX7DkfImOSuLQ4upJnTDumP1oWbBDlMhrSptecp1rkx1R7AnlKJ73z4y2xq3RgDbK9+w3lM1RrdNe9bnxG8ec9DHweVnu0hqqoO+NIxG/dHwqtmDcePpG3ocjKkhYIMafCqY2xKwxXiCuhp8GI02CPCS/biA1hFSNWyBVQqM40Kg4xrG4kseoSKSZNyp7FYxtbk9sQokPEV9rsiVpMdwkuhgeLRfKQ/jHchpSJjmyq78zJVZb5LkI2MKOLReNcD8r5IzuTHMJUAJB4+sN6Sj7XleNLbaHK+8zMkai+i60d/y0//AET+sTu+FWyDsnCtFrevSHOpTH84ne0Wyd058h04uGZzT9WwM51rDV6KrzJJ7B/nymz07VuxE59pqptVSPhAHzPrMY1cjWV1EgwQQTpOc6KxjbGLYxpjNCOn6Or7SIeag+Ui6Uwm2pU90rNU8btU9gnNDb+E7vp3TSlQZyNU6OyLtJnGNLlkdqZFrXvfqP8AiUjYq3vZdZyE7VpbVyhic6ikMAQHQ7LDysd3EGY/H/o6fbtRrKynhUUqR/Etw3gJ1480VGnscGXDJzbW6MG9BT0lJU81P5vBsuOIcfhb6GabFfo8xiG1P2bfdcgfhZRbulFpbQeJof8ANSYD406S95G7vlVli+GSeKS5RFBVt+/zhNREgkXzDXhWfg03ZjxJT0pHdDG2FXnGmSrE36Gl7AAOIj60l5SMaNSLTDVTxiT9GmvZMBA4SNiK7HJRF/qrj3nURs1UXexY/wDUAeZjb/wSW/ZH9gxh/qLnfl1k2in0ixyRbfzGNtRrPvVj5eUlKUUVjGTDCIu9to8lGQ7ecbq07jazz57I8JOoav4ps1oMfD0vJtPU/GNYmg5vzKL/AFMJnyi0appjupg9rjKC2OT7R45IrPf+WdyxbbKTjOpDpgscy4lXDgGmAo2wrGxLNY+7s8RfIk7p1HGaUp1KYek6uh3MpuOsdR6pzZHudWLgyul3u857XfaZm5knxM2mk6uTtyVj5GYcR4lyLK9xUEEEsROguY2YpohpoRZ6v4rYrLyfont3r55d86JRe4nJdsjMbxmO0HKdPwDkjPq9BIZVumXxv4sn042fevAvumASYDrRLoCLEAxUIwAzek9TsHWJL0FDH7SXRvFbTN479GtH/wCVaonU2y48xfznRzGKiCbUpL9MUnyjk1b9HeIX3MQjDrQj0Mh1NSMcN3s2/iI9ROvtGzNas+zOnDo4/U1PxqqWK0wALnpm/haQl1exRAv0Q263HK87Bj/cfs+Ur2QWo/xf0tHqz7BY4L8Ob0tSnf33MtcL+j9PtNfx+c2xpiBRMOUnyzVJcIocNqVRXheWuG1fppuUSwRzJCmYNjFPDKu4R7ZhxUAM7rLobb2q1FU9tsbBL3F12gw2WHutcWubizWNhnOTYbH1sLVYLtIb2dG49TDiesWPLfn3StuI4Tlet9APUTa3lgu0N+zfnNxd7GWv1Aq4h6uFesEshOwTtLk20AVC32jlc7t2czk0mkaYp4daaCy7O0ebMxIJY8TZV8BM7NxVE22+QQQQTYH/2Q==	Trendify private limited	keywords... adidas mens tshirt menstshirt clothing wear adidasmenstshirt	10
73	puma mens tshirt	989	4	5	"Elevate Your Style with Puma Men's T-Shirt! 🐆👕\n\nUnleash your fashion-forward side with the trendy Puma Men's T-Shirt. Crafted with premium quality materials, this shirt offers unparalleled comfort and durability, making it a must-have addition to your wardrobe. Embrace the iconic Puma logo, representing a legacy of athletic excellence and cutting-edge style.\n\nWhether you're hitting the gym, hanging out with friends, or running errands, this versatile tee is designed to keep you looking and feeling great all day long. Its modern design and perfect fit exude confidence, making it the go-to choice for casual outings or sporty adventures.\n\nStep up your fashion game and express your individuality with the Puma Men's T-Shirt. Stay ahead of the trends and grab yours now to add a touch of athletic flair to your everyday attire!" 🏃‍♂️🔥	Unmatched Comfort and Durability	Iconic Puma Style	Versatile for Any Occasion	https://encrypted-tbn0.gstatic.com/images?q=tbn:ANd9GcS8DAyOcPywVOfQCVY4gQF0acQ4aeEQIF9WqHGNhyl5rooXJtlsYLBWyMC048g7W5Ks2SE&usqp=CAU	Trendify private limited	keywords... puma mens tshirt pumamenstshirt menswear mensclothing dress	10
74	lg fridge	39999	5	5	"Revolutionize Your Kitchen with the Stylish LG Fridge! 🍎🍔\n\nUpgrade your kitchen with the cutting-edge LG Fridge, a perfect blend of innovation and elegance. Designed to elevate your food storage experience, this fridge boasts ample space and smart features that keep your groceries fresh for longer, saving you time and money.\n\nExperience the future of refrigeration with LG's advanced cooling technology, maintaining optimal temperature levels for every food item, from fruits and veggies to meats and beverages. Say goodbye to food wastage and enjoy fresher, tastier meals every day.\n\nWith its sleek design and premium finish, the LG Fridge becomes the centerpiece of your kitchen, adding a touch of sophistication to your home. The user-friendly interface allows you to control settings effortlessly, while the energy-efficient performance helps reduce electricity bills.\n\nEmbrace the trend of modern living and create a more organized, efficient, and stylish kitchen with the LG Fridge. Don't miss this opportunity to upgrade your culinary lifestyle—get yours today and make a statement in your home!" 🍏🌟	Exceptional Freshness Technology	Sleek and Sophisticated Design	Intuitive and Energy-Efficient	https://encrypted-tbn0.gstatic.com/images?q=tbn:ANd9GcQVoIfqLpn_embn9J-Dh9vNxxpuXRKi7UgYkGQMPjFy8ZFeV9zAHnHfYhEf-KQMLMjpi6k&usqp=CAU	Trendify private limited	keywords... lg fridge lgfridge electronics kitchen appliances homeappliances kitchenappliances	10
75	samsung fridge	49999	6	5	"Revolutionize Your Kitchen with the Samsung Fridge! 🍎🍔\n\nUpgrade your kitchen with the cutting-edge Samsung Fridge, the epitome of style, innovation, and convenience. Designed to transform your cooking and dining experience, this state-of-the-art fridge boasts a sleek exterior that complements any modern kitchen decor.\n\nStay organized and keep your groceries fresh with spacious storage options and smart compartments, allowing you to access your favorite treats and essentials with ease. The innovative cooling technology ensures consistent temperatures throughout, preserving the flavor and nutrition of your food for longer.\n\nExperience the future of smart appliances with built-in AI capabilities that adapt to your lifestyle. From suggesting recipes based on your ingredients to notifying you when it's time to restock, this Samsung Fridge is like having a personal kitchen assistant.\n\nNot just a fridge, but a lifestyle upgrade! Elevate your culinary adventures and make a bold statement with the Samsung Fridge. Embrace the trendiest kitchen appliance that blends functionality, aesthetics, and intelligence seamlessly together. Don't miss out—grab yours now and redefine the heart of your home!" 🌟🍽️🥂	Smart and Intuitive AI Features	Optimal Food Preservation	Sleek and Modern Design	https://encrypted-tbn0.gstatic.com/images?q=tbn:ANd9GcRsHLvcXwltoIGIpKUAuUKescyKaKNnH7fK5rwAHa9j59z9vxzc4UWJ-F64SyUR5B4SmnU&usqp=CAU	Trendify private limited	keywords... samsung fridge samsungfridge homeappliances kitchenappliances appliances electronics	10
76	canon dslr camera	78999	5	5	"Capture Life's Moments in Stunning Detail with Canon DSLR Camera! 📸✨\n\nElevate your photography game with the extraordinary Canon DSLR Camera, designed to bring your creativity to life. Featuring a high-resolution sensor and advanced image processor, this camera delivers breathtaking clarity and vibrant colors in every shot.\n\nUnleash your artistic vision with versatile shooting modes, allowing you to adapt to any environment, from breathtaking landscapes to captivating portraits. The ergonomic design and intuitive controls make it easy to unleash your inner photographer, whether you're a seasoned pro or a beginner.\n\nExperience the joy of instant sharing with built-in Wi-Fi and Bluetooth connectivity, allowing you to effortlessly transfer photos to your smartphone or tablet. Show off your photography skills to the world through social media, or print your masterpieces to adorn your walls with cherished memories.\n\nDon't let life's precious moments pass you by—seize them all with the Canon DSLR Camera. Embrace the world of limitless possibilities and create memories that will last a lifetime. Grab yours now and unlock your true photographic potential!" 🌟📷	Unparalleled Image Quality	Versatility and Creativity	Instant Sharing and Connectivity	data:image/jpeg;base64,/9j/4AAQSkZJRgABAQAAAQABAAD/2wCEAAoHCBYUFRgVFhYZGRgZHRwaGhwcGRweHBocHhoZHBoaHBocIS4lIx8rHxoaJzgnKy8xNTU1HCQ7QDs0Py40NTEBDAwMEA8QGBESGDEhGB0xMTE0MTE0MTQ0MTQ0MTE0NDQ0NDQxPzQ0NDExMTE/MT8xNDQxMTQ0Pz8xNDExMTExMf/AABEIALgBEgMBIgACEQEDEQH/xAAcAAEAAgMBAQEAAAAAAAAAAAAABAUCAwcGAQj/xABEEAACAQIDBAYIAwYEBgMBAAABAgADEQQhMRJBUWEFBiJxgaEHEzJCcpGx8FLB0RQjYpKy4VOCosIVJDM00vFjc5MW/8QAFwEBAQEBAAAAAAAAAAAAAAAAAAECA//EAB0RAQEBAAICAwAAAAAAAAAAAAABEQJBMWEhIlH/2gAMAwEAAhEDEQA/AOzREQEREBERAREQEREBERAREQERMSbZmBlKfpHrHh6BKvUG0NVUFiO8Le3jPIdaOtxcmlQYqgyZxkz8lO5eepnjg4geg6Q694ti6pTRVu2wQx2tnRbm+u/ylZ0H1gqUKhq4inUxL3ujGts7GViNj2W35kXF5EBvMgkqPXN6TgAf+TrBrZdpGF917G9u4Sg6X9IddlBRagJNtmxUKR8OZHMnwkB6dheVWLr2jFe09HfXPFV8T+z4nNHRjTYrZgy2OyW33UnXPszqs/MVXGEG4JBGYINiDuII0M6L1A9IZZ1wuLa+1ZadU67W5Kh4nc3geJg6xERAREQEREBERAREQEREBERAREQEREBERARPhM1V66opZ2VVGpYgAeJgboldR6Zw7Ala9IhTY2dcjqAc+EwfrBhVOycTRByFvWJe50GusC0iU9TrLhBriKf836TD/wDqMJs7QrqVOjAMQdRqByMC7nP/AEj9ZfVD9mQ9theoRuU+yvjmTyHOXOI68YJVYisGKqW2QrXNtwy7h4zkFYVsZXJCF61Zi5Uc9Bw2VUAX4CBHGL5zamKHGasb0ZUpe0FYbRS6OjqHAuaZKE2e2djnIFRNkkEEEagggjvB08ZpF9SrjjJtBgd88gXtvhMUw0bzkHsMe4C25Xnl8fUkyhii6C5uZW46UV1Z5ovcjvkj1Wec2UCqOruodFYF1PvLow77ZjmBIro/o268OtRMLiXLI/YpsxuUf3ULHVW0F9DYaHLsk/K/RIpMTtbVr9m5sbX7JJB9rjn3TolHrJjgA1PEl/4WRWY6Zg7HlbPjxg7JE5cOumOosqVKaVNoXBOyp5C6MRcnLQET1PQXXCjiCqEGnUbRWtZm3qrbzyNjA9RERAREQEREBERAREQEREBERATzvTfW3DYa6lw9Qe4pBIP8R0X68pq659O/s1LYQ/vqlwnFBoz+Gg524GcdxLqmRPPmeOZ384Fz070+2KYmpWNr9lFZkRRuAA9o/wAR8pQ10FwvrAVOew7bSta/sg5Hf5SPtK97WSwLXJyAAJzudMv0nzB5soYdk5sDmLWub8xLiLnB4ZVprUQUgDYsEIyO64IBPymNLo8XLKiEnPaYC47idDPO4jpRiuyLKOXKMH0w65XhVl0obsLtkN1gfrlu4TOhj0KlCCoOXZA8+N5S1cSXNzNX7RaEX7ilZUpi5JG05UbVhnbIaXtLHq702mFxJqOCyMj022SNtVYr2lvvBXSeVaswW6mxO8a25SEcbVX3794Bge96LxuGokqcRUdUR/UHYdEpu2jOlNw7Mc7kH+3oT1qwxao4rMPWDC3VkawZKn745gi+xs53OnGchPST71U+Fo/4j/APA/2gdaPTOBLu5ZCjPiRXQjOqjrek6IRd7bCKLeztnSRji8G+FO1+ymoMFuWmGFZibqNkCziwyHIzlp6R/gPzmJx38J/mgXWCfdNuJTWUmGx4BzU2+Iz0FJldLqbgwKq0m0cLtgi2otNL085adHV9geyD4wPNVMMaLbLZD3SdD48ZIw1d09h2HcbT1NfFUXGy6NY8LHyNpXv0XhnPYqlORH5sCPORWin0vW02z8h+k3YSs9SvRBNyatMDiCaii44ayRT6KVc7q68rjzR/ylZiBUp1FemdjYYMuxe4INwdpid/KB+nIng/R31zbGhqFe3r0G0GGQqLexbZ3MpIBtlmDloPeQEREBERAREQEREBERASNjcUtKm9RjZUUse4C8kyn61YY1cHiEU2JpvbvCkjzEDkuO6X9ezVqhO2+txko3ILbh96yhxwV/eF936cfkRK9ulFYDaUqfH6zUcWh3/WUblwgBuzAjUDRR5knxMkC2y9uErWqod8kDGoFI2teZiiorHOfcOh3AzDEYke6JqV24+UgmNcAzQGzAgA8TMsIC1Sxztn8oRPLD2eH2ZHenJRTfbPv4zHYOeXLUazQgmlMDSlh6nLMNfPQgD5bN5HagefgR+Y8pFRfVx6ufapZTlc94z8o9cB7QIMgKks+h62y2wdG+sivSZTsujI1g1mUqbHMGx3GfEBDXG7OVF1iVsZtw2kxr9pQw3gGZYIXuJBYdGdG+uFRy7WTYyUIW7e0BbbdFAGyb3JOYkil0NTZihrlHRKdSozIuwEfYyVtu9x6xcyANcxKjDdIlLlGyewI9WjhrHs3VwVJvpleWJrYrtJ27oEDLsUAwA7VND2tprbOSZ22QLZQqPjsL6pwFDgMoYFihJFyLhqbMpFxbI7jImPvsXmVTHNVYM7uxAsLoqgC97BVNgLk6CbMUg2WU7iRfjY+UqNXUnpP9nx+HqE2XaKOTuR1KknkCQfCfojA9IUq67VGolRdLqwYeNp+YKVRM1sjE3sxQXGeobjO3eiF6bYHsKqurslUjV2X2WYnfsFZFe9iIgIiICIiAiIgIiICQOm32cPWbhTqH5I0nyg671tnA4k8UK+L2Qf1QOBV8KCouNw+85XVsKBwl7iRawtGFwuZZxlbIb7Z3Jvko5nzlR5s4XOwBvwA/QTa3RT29kLzYhfrPQUKiklaKF+JTsoPiqHM/5ZYUehnYFmCKLXOym0Rnb231zPCXB4odG2PaqIOQIP5yTh8Cl+05Pw7PnmZ7f/AIMNnavlYHRL2JIGQW2oM0Ver4ZdqwIsNUU2vcD2Qp3RhrzyUaIGSX77kz6Cg9lVHhaT8T1fdPdYd2Y1I0PPgTIXqXXKwcbwbg/qPGDWG1y++H9t8yDjgB96cR3fWZU6G3cIcxqjWDActxHlPjUyNRY6f24+Ha7pKNiqO76eWXzzn18MDlbd4+Nsh3zBHK6aaHS3cbmw7rj4ZPwqbeSajMpextxU5G3ykVX1MADztwyI533fTmJuw1N0bPZYlSu0UVmCncysCG0BB5ZEyxpqN38qDQ82NrH+U98+1EC9m9jrsoLv4nLZ77J3mBXYvCriFBeo5xCixZmuNkabI0Ve7vOd5529iVOo87c56THZ32lF7XKEgkrl2tNfvOfaXVlGQPUxCLtg+qRO07Nbs9gZkXyIUE5HMQIeAfapW/CbeGomzBtZjIXQjks6EWJGY5rrJdE2eBn0TTdaymmnrGouH2OKpUVgDwHaUXzte8uK2KPac4evamEcuyopdqbudqoUstruFulzspc8qsu6VHKMVLKpNtSCLHO/8Exq9IVm9qsx7JXU+yfaXXQ7OkuIyGEdamy67LuQ1stGJN8jprPnSDgq5GYZzv8AdLMR4EW+cxao7Had2bILc8Mxs31sO+Y4/wBhfiH9JgVSjM+H1nV/QdV7GLThURv5kt/tnKQLXtysOOd9d2k6X6C2O3jAf/iPz9Z+kiuvxEQEREBERAREQEREBPEelLE7OGSn/iVFB+FQXPmFnt5zP0sVe3hlvYBark8APVja8M4HPsRUVP3jEBEPfc7lA3mY9H4GpjW2nulLUJexfO20xOu7L5SFgaL46vex9XTyRePfzOp8BPYYrpNMPSFrg6BRrtcr5G4Gu4EzSNr0qeHA7S7Cr2rEKEO4gnIbjnzlPjuualtmkr1Cb2VFyzvtWJG0Qdo6C0o2R8STUrPsUlOQGl/woD7TfxHymwYzYGxQX1S/w/8AUbm9TUdwhLVh+245gL0KdNd3rKgXyLD6TauJxv4aNQZCy1xoNBmbSqpYR27RNr787nx9o99zNhw6jU58yPzIjTfS7/4+6f8Ac0XQG1y67SHW3bTK+epE24kUaqh01OliCLcVYbuWcpqFVk9h2A4X7PiouD4wqgHaS1JzqyD92/x0hl/mTMcI01ux2C2SA+WhV1yKki4zGhz7txHDCjikP7vEbINjsvkFZRre+hG9fEXylngsatS9OoAjmxck7V0v7SNoyn8Wu42kDHYFFPbVjSe4Vge0BmLgjUjPv7QixUfH4BqR4jcRfQ6WIzscrW2eZ3mIlQrZlNrG4IIAB7/Zv3bZkro3EmkTgq7BltfD1NQVPunipG7dmOEi4lNlyM+A1vbhcdo2/h2RbPfMquGxQqLti6uLCoinZvfeAcwDu0OVjlaaGxAACghAcwlPtO3PaAy7wB8Up6VYrmNNDpbPUZdkf6jPlPF5Mu0UF7kIvbYndf8AUGBJrvs5ZJc+yO07d54/M85rwnTD0LoiU9ouGV3S7IbEArw18yN8j1H2QdKYO72qjd5Onj8pEqLmuWyCdnM3Y30Y+NoExqZpYhCzFizdttzbfveJMktk/jKN8U5NidGvbQA3v9ZcVq/aZUVS+RLObKoOljxvAm40gEODcFdk2ztY3F7d5zkNKmmdxl8suE1VK5ufaR19pS18tzK29T9mFfaBbQjNgLWI0LW4i+fGVEpDMOkWsqcNofRhqec+0zpy7/0mWNUMuywuDuy8994FacgeOf5D9Z0/0JUwGxR/EtI/I1ROX1BuGQ0HlOqehQf9z8NP+qrCurRESBERAREQEREBERA+TiXpn6YDVlw6aquyx39ohivz2fkZ2mtVCqzHRQSfAXn5ox9c4jHF2z2nLHwJ/OWD1fV7DLhsNt3AY3GRzGRJJ4Df4DvHmajnFVdpiQuZufdQZk/Ede8iXXWfGWpIgYkHsC+VluWI13KAt+cq8GNiiW3ufJcgP5vpF/GfbVjKu0QALKvZRdwH68TvMvOr/QBZPXOOyb7APvW1Y390edpT4DDesqKg95gt+HE/WdJ6RdVphEyUKABwUCwH5zHPlk+Djx3bXhulMUEJCqHPFr7Hgvvd7ZcpTN0lW/xCo4IAo+Srbzll0olyQBmdP1PKUzopNs3PfZRM8eWo3r0jU3uH5OoPyIAI/mkqjiFfIdhz7pN1b4WO/kfAmVVTDjkDyJ/MzBSRk2Y48JrRdbd+ySV2TcHejabQ4g6Eb+/OWtDFCojI6E1BZAASQN4K21BBBU2zvKKhVLixPbXMH8a8+enhnukihXKFXHu5Hmhbf8DG/czzcrSr6eoMtkPuElTvU6le7f8AOaaWNLqC2oGfMb8t9p6XpzCtVTbYrc6AagaKbbgDlnzniaLbLG+7Mjlow+X0izBas2fl/wCjr4KB3yMzlHBBtfIkbtx+77pttbLeMjztoeJytwE04pboTwzH0y+e7LnINns5gbH8TZu3cP0t3zRW0NsuZ9piMxYbhlM3b3tCbEu2Zvb3FmtznfPMan2jluG7vgRapJYk6kknxlqz/vKh5J9CZUsc++30kyo/7xx8PkIVvY+w/wCFwh+F75eR+c34c2e3xA91iDK1quYG4EM3eL2EkYYliTxv56/2hFjhjkNNADp+k34n2Bnp5azXS8vv5ibMT7I8fDuMoq6ms6t6FBlie6n9ak5S7a751f0KDs4k/wD1jx/eH85FdTiIgIiICIiAiIgIiIFR1prbGDxDDdTbzFvzn546KT/mc/wA/POfoHroL4HEfAfynAOjX/5knig+gliVv6yv20XgpPza3+2ba3ZRF/hX6bR85D6z/wDVTmg/qabsU91Q8l/pjtL4WHVz/qA8j55fnL2tjdonPWeZ6EqWdT3fUfpNrYojLgZjlNWX6selKmRt7xt4CRlw+lslGRPMi/zmrF1Lgcr/AFm0dIH1Rp7trb8bAH6TliSo/wCx3cDS9zc8LXmvEYcpbgZIw1XbdAzW0F+A3TV0hXBdlUgqrHZI3ia472tu9MKL7JVvwny3j5S09WAxvmu/mrXVx4i/zlSmYI+/vKegCXVeaH+lD+Zm5RI6NqA0HR2O0LpntWZkJUkhdSdkWuLZzxfSdLYqBtxIv45N9856nCntP3o381NL+YMpOsVPI958wD+RnS+EiON3wqT3qWpk55e5z7pjVHZb4Tf5ZXvn8/lPu1fZ7ifmQ3+48JhWayN8J+m778TMtNKnJTodkZnNu5Rw5zGobX1035tpvO4TI5AAcADbXTe24chNFU5ff/s95gY0hdh3yS67R+/rNFIWF+M30zbOAXCi+uQ5W+X3xk2igGVvu/Hf+U0Bwtgdfr93maOTv2R5yonov39/fdM8QeyPL71t85AquyLtr2wNdxA490lGvtorjff588oqoTi2X3qZ1r0H0/3GJf8AFWA/lRf/ACnJa1Mak2A1ztca+AndvRZ0S2HwCba7L1WaqQdQGtsA337IX5yD2kREBERAREQEREBERAgdN4f1mHqp+JHHjsm3nPzLhKmxiVvzX8vyn6oM/M3X3o44XHVEAsA+2nwntDyMsRl1rTKm/wAS/OzD6GR0qbVFDwGz4qf0tLPEp+0Ychc2sGX4lzt45jxnnuia19pOPaX4gMx4r9JU6WOCqWM248kPfc3a8feH81/KVwfZb70/tLPZFRLXtbMHgePdbI9wO4zNhEJ3vrv8jx7jI5e2Rn1wVJVhYjUH7zExJy5cDmPAzOGPhIO+ZpbXd96TWO5fnfym1cszmd3Adw/XKRUjDoTZfeYj5nID74z0xtmRoFNvE5f6Qp8ZU9EYQk7bX07PGxuNrxzA43J0Euti9gbZ5nkN/hlaQVuGNnccBTU9/qwT9ZUdYmy/zD+kyywNTbD1PxuzD4b7K/6VEpOsNS7KvefoP1nbpO2ouDsgC2yiA8zYXPkP7TXWa4txIH5n6f3mIOvf9MhMgNPvWZbt1i5+/wC26aNm5udB5zZUqAZb5oapeEbC830vIfWQ0zMlqN0DI5MeO7u3WM2UWyE+KbixFxz+++fPU71NuR/WVEh6gVGvpYj5ibMIhWkoPMzXSorkXO1bQG9vESVhqb4iotGihd2yVVsTzJOQCjeTlFVd9QOiVxOOpqy7SIDUcHMEL7IPe7LlvtP0EBPJ9ROqQwFIlyGr1LGow0AHsouV9lbnM6kk5ZAetkCIiAiIgIiICIiAiIgJyr00dAesppilFynYe34T7J+dx4idVkbHYRayNTcXV1KsORgfmnqxjbXpk6ZrInT2DNGoKiZKx2gR7r6kfPMST1r6DqdHYpkN7A7SNuZTofH6gjdLHC10xFMqwuDkw3g8RwM0imLCom2uX4x+Fj/tbd8plhcUUPL6SNisPUwlS4zU3AJF1cb1Yfl8pKpU1rdql7Vrmmc3HHZ/GvdnxG+RMW3qkqqAQDw3W+Ej2e6xHISI/QzjNW/mU/1JdfpIeGqlDkbcjcr+o8ZcYbpBt6HvWzD5iSw1BToeqd6/Nj5BZY4ToULm/aPMC3gl8z8RHcZMTHE7j5/mJk1VjrZe/X5TOGtuS/dyTxPE/YkHpnElUFND26vYXkvvt3AeZ5TPF4pKCbbnX2V95zwA4c5X4VHZjWqe2wsF3Im5Rz4y8ePzqpCqEUKNFAA7gJ5jGvt1uS/l/eXfSeKCITv0HfI/VLq1iMe5WkuVxt1G9imOZ3twUZnkM5ukR+h+iK2KcU6FNnbUhdFF7XZjko5kzqPRXoiQpfE13FQ7qOyFXld1JY87DunuurHVyjgKIpUhmc3c+07W9pj9AMhL2ZVyev6FKB9nFVR8So30tK+r6E3v2cYtudI/k07REDiLehfEj2cVSPejj6EzQfQ7jf8AHoH+f/xndYgcGf0RY8aPhz/ncf7Jivoo6RJALUAOPrHNvDYne4gcj6I9D2YbE4ksPw0l2b8i7Z/ICdF6D6vYfBrs4ekqX9ptXb4nPaPiZbxAREQEREBERAREQEREBERAREQPL9eOq6Y/DlSP3igmm2meuyT+E2HcbHdPz5Uw9TC1DkRsnZZWFiCNVYbj96T9VzynW/qdSxwLC1OuBYPa4Yblcb14HUbt4NlHGsNi0rqVIBB9pT9+cqcb0Aynaom9s9kmzD4W3+Rknprq9XwdXYdCj6gXuGHFG0ceY3gTDC9MW7NQEHjL5RBPS1RTs4imH3XYFX//AEWxPjeSKfSOGOZFVDy2GHzsDPRYXE0HSzkk3yIsRbLUHxOk+VOh8M1yoQjtHNQpNgtuzkcyTu90yYKcdLYZffrNysB9ZmnTTNlhqFv43N7c+Hme6TsR0fRpuQgRgLWYKN4vbfpMXqAb4w1Fw2CIf1lVjUqfiOi8lH3ytJNWqALk23zRXxQUbRNhxP5CZdXur+I6UqbFIFaIP7yqwyH6twUeNpdwR+gOhavSuKWklwi5u1skW+bH+I6KP0M/R3RXRtPDUko0lCog2VA+pO8nUneZD6s9X6OBorRorYasx9p23sx4+Q0EuplSIiAiIgIiICIiAiIgIiICIiAiIgIiICIiAiIgIiICIiBC6S6OpYhDTrU1dDuYX8RvB5jOc66d9FCtdsNVHwVrsO4VV7QHxBoiB4bpHqJjaBJbDVCB71IioPAKdr/TKx8NVTJlrr8VKqPqkRKj6lOo3sU8Q/JKTn8hLjo/qh0jXt6vCtTB9+uQtu9T2vIxEg9r0F6JKSkPjarV2HuLdaY5E+03hsjlOkYTCpSRUpqqIosqqAAByAiIVIiIgIiICIiAiIgIiICIiAiIgIiICIiAiIgf/9k=	Trendify private limited	keywords... canon dslr camera canondslrcamera canoncamera dslrcamera electronics 	10
78	godrej sofa set	45999	4	5	"Indulge in Luxurious Comfort with Godrej Sofa Set! 🛋️✨\n\nTransform your living space into a cozy oasis with the exquisite Godrej Sofa Set, designed to elevate your relaxation to new heights. Crafted with the finest materials and impeccable craftsmanship, this sofa set offers unparalleled comfort and style.\n\nSink into the plush cushions and experience a world of luxury as you unwind after a long day. Whether you're hosting gatherings with friends or enjoying quality family time, the spacious and elegant design of the Godrej Sofa Set creates the perfect ambiance for every occasion.\n\nWith its timeless and sophisticated aesthetics, this sofa set effortlessly complements any interior decor, adding a touch of elegance to your home. The premium upholstery not only exudes opulence but also ensures durability, promising years of lasting beauty and comfort.\n\nUpgrade your living room with the Godrej Sofa Set and bask in the ultimate seating experience. Embrace the art of relaxation and make a statement of refined taste with this remarkable addition to your home. Get your Godrej Sofa Set today and redefine the way you unwind!" 🏡💫	Unparalleled Comfort and Luxury	Timeless Elegance	Durability and Lasting Beauty	data:image/jpeg;base64,/9j/4AAQSkZJRgABAQAAAQABAAD/2wCEAAoHCBUVFRgVFRUYGBgZHBoZHBkYGBgZGBwZGBgcGRkYGB4cIy4lHB4sHxkYJjgmKy8xNTc1HCU7QDs0Py40NTEBDAwMEA8QHhISHjErISExMTQxNDQ0NDQ0NDE0NDQ0NDQ0NDQxNDQ0NDQ0NDE0MTQ0NDQ0NDQ0PzQ0ND8/NDQxMf/AABEIAMIBAwMBIgACEQEDEQH/xAAcAAAABwEBAAAAAAAAAAAAAAAAAQIDBAUGBwj/xABBEAACAQIEAwYDBgMGBgMBAAABAhEAAwQSITEFQVEGIjJhcYGRobETQlLB0fAHFOEjYnKCkqIVNFOywvEkg9IW/8QAGQEAAwEBAQAAAAAAAAAAAAAAAAECAwQF/8QAIxEBAQACAgICAgMBAAAAAAAAAAECESExAxJBUSJhBBMyQv/aAAwDAQACEQMRAD8A22NITFq6+C+isDykCPplPvVi6yDVNxe4trDIWicNdNrUx3T4Ndd0Ns1a4TEC4iuNnUH0kaj4zVeO81h/InVR3FNslOtTbGuqOCmHFJ7QWi3DnZdWsstxfW26v9C1Lap/D7YuW71o/fQj/UpU/UVHmm8XR/Gus1Z2yAdMPdGveGv924mnzUVY8HcG0hJ6jePC0fSqrBWhiuF2w0gooQlfEGsPkMHke6aprHDlRSpe6+pPeuOOWwCkL8p8687KzHLb059NnfIzkdI+kfUGkMKy3Z6/aa/mtoyFgUbMWJJILg6sfwNWuKVthlMsdxGU1UfLQinslDJWqCUWnFFJC04ooBaCnUptRTiUA8lPWzTK04hoB+aBNILURpaSMmkGjpJpwENVbxDcen51ZMKrsd4h6U1GEFT7ewqFbFT02pUAaKKVRUAVFFHQpAVHFHQpgKFChSCp7S4MXFv2txfsZ1j/AKlggyPMqU/01A7J3ibAUg90nfo3e+pb4VEwjYhns2Ri1LW1LIxsBZUKUKkyZlZ5fdnpVrw/glzDs7koUZVHdZicwOhgqABBPPpWeGW8pYnzY/jT97c00afxHI1GY13Y9PNy7JapvBni4PMEfn+VQZo7eIKMGVcxWSFmJ02nlPWjPHeNi/HdZynOzlvJ/P4f8N53Uf3b6C4P9xaqthDA0q1xTEpirl/+RuZLltFZc4nMhMMNNe60ctqO9bYHxIfR1B8pBM15fkj1VJwRgmII/C9v2l/sz8rhrooWszxdycM7BFDKmYEGTK97bKOaitNbcMARsRPxqvBxLCz55FkoilOGiNdCDeWhlpyioAlFOKKJaWKYGBS1pIpa0JLoUAaKg9BREUc0RNMiSKrcYO/Vkar8T46FEWkqYq6UxbFSwNKVBEUWWnIoRQDeWgRS4oRQCIowKVFDLQCYoUrLR0ByLBcYT+ctOrghXjTYhxDHyExp511p2zIVB9PqK864a8odXIhMyzlEaAiSByMa12i3evMVT+ZRFIJQ27YZyFiTndioMMD4Np6Vz4fi08mO069qvzqG5qQlxSu5gSCWgHQkHNymQarL2LRASzrC76g77V3YZzXNeXlhlbqQ/NE5qru8atiIMztqNARILdAah4njjgAhUAJjxFmB1gAQJ/frTy82E+Tx/j+S/DWNiiApDkDoI1gH/wDJ28qzqdtUsf8AMOWzqraQcpCjNpyBqs/4pdvBURQjzEtmywA690Ad7c6EjbpWO4/hLSWPGGuZlBJYFsolYUTov9NTXB/09HWseXa8PxCzdtJdRVZbi5lkAEyJj1qXhX7ojb8qwf8ADTFB8CiNrkZ09NSRHxWtxhwFgeX7+taScpSiaE0maOrA6OiFETQCb2IVBmcwP3sBqahpx7DtMOdN5RwfpWW7eY0K9tJbMEZxGwzNlzHrGT51mXxpLHIXMqVyklS34jmbVTPrNZ5Z2XTTHGWOqWuM2G1W4CJiYMTE6GIOhp23xWyxAF1JOwzCT6da5avEIMklCdRMagfdUDTnrPL1NNvxF84fOC4BjoSAe4ANR4hyO29L+yj0jr64tDs6dfEu3xpwODsQfSuR2scO6FcgspkRDMx9dNdNJGx56iQ+KZ+6y5SPvBoAWZAEc+sgU/7P0VwdVBoia5dZ4s+WM7JtllyAEkAkT4jJOhn6VIHHr+SRdciCSdJOoGQKdV0O/Wn/AGwejpE1Bunvn98qxidpr2neygyAdHGadILAGNz5xpRXO0d1SBnRz94lYjzhTPQf+6c8kL0rcW6kg1icN2mfIrm2pDbKrHP5aHTrz086lntlbVWZ0jJMqrhmEHbaC0cp0o98S9a1dHUfD31dVddmAYehEing1WRVFQmhNAHQopoTQB0KKhQHEOGdj8+Gv33v5DYdkZAgYgiDIOaDObl0qKnbDJaS2EZ2tOrI7HKIAIIK66FWdd9jVwvFbF62BbX7ViodsO99cMM4WGYBEAfylhpM1mbWENvFvhnAC3VKDoM6B0ieh7vxrGyNN29tL/xh3KlohoIgyFOhOWTEwGMnpryksdjSrkC53GEsDBAbXXQggkxsKzAvuERyTmRsrST4kgEfAVa3Q4USDoQJIJcg6EQNgdRGvyrNepJwNsWQVOizsczOYCnUjrAInemmxBgQgIHe+0AaSZ2gAkHU77a0hrTMpZkYsCBlK90CRqdB7z0p1cA5dirgQFUGFc6AkhACBseusUGJbgzBiRr3j3ZUzyYDxRExOwO1U/FbBZU0YDMVkIiCSdgPEdhvV/ZwyykhmzDSQyKImPvTMDzj60vEsIWbMhsoCZDO5zhl3Ulp1B6aa1WPacptpP4X4kouItE6o4cfAj6qK6paedfMfNR+lcW7I5rN93e7ay3EKlhcVu9II00PWupcP4vaYAfaJJiAWiSCdBO+nStPabZXGtADRzTKNNZvivbrC2CVJZyOSjQxpoefrV2ydlJb01YNA1gm7cX3RLtrDIlq4/2a3b95ETNJBJAJYKCpkxVXf7b4gkKcVhUP2mQi3auXu7yuKxhWUmBGh18qn2h+tTO2xNzEMqw2REUjcq3eYEKdJ1NZwq4Rs6OFjN4RJ2AEAGBp5GpjYlnLO6oXkMznZmOwjYQIPTQRTiXiQDAJEZhm1DRDMToQdDrPn0Bxyu62nEQ0w5BcFToCA3eMPuZZQMogKCI6U3ZDRECZYTqVERpvI20OvyqbevLlZlcTAAQwQCuYSAf8U6j2pZK5UBysCoIOVSyqY6glpJAgRvSNWM5/GxDkahTJaF7wkRMpprzpSu3eQud1EnMZnU5pECRJjl5yasHwaZRkGbKMioJURoZhm3AjXrypkcPSR3rgCnbKGJjlzJUMQDtvQER2GVUAJmBmIPckAShGkCDpUm9eGrLOhRS6lgSOeh+93dtdxS2w0uiBhlUFioBEwYBBGYnXz5cqK/ack98EbqFKd7Xo0kmZGnTroAGP5oZgCpcEAguB3ZJEMduQPPeguICpAA5uZGZZVhI0IjUHyEdIomV0Jzo7K4zarmAmIJUTzAqB/NQY1c6jRQonKOeXUgLAX6RQFtZxWTvpH2agwXOqwTmjnGvSdIqr4jiAWRWUrmJeJ5NJ25STMeZqbeQd5Sc7lYMJEAmZbXrtJqn4k0OikGSWYkgAtJUAmD5GgOn9gMTNlxJgPAnrGv0FbBHrI9mUyWVPNiW+cD6VqUNdOM4YZd1LmhTamlTTIujmkijoA6FFQpB5+7HlC72riM4YEAAgRz2OjSCRB6U52zw6W7lm7bIgDKQE+zZShzLmA5wTr5VEwWEa3eJcMuViM8aZkJBDTyOvxq07QMblggicsOpU5lGXeJ1GhOkmsb20ViI11roKMiuftFz6GTofjqfarnDXpt96M+kyJAgaxIIEkb+dROC4mybKu/jT+zzMx0AiMo9D8qlHCkh2DvFtofwkAuAw3B010qLva8bNcnnxQmO8QVCyNIMwSF5AmPhSBeVcvfOkd1Z3LEiBpBk+0CowXUQ6sN/OOX7iiw6C65QqQimWYOQTpIAAG0/TeiKuisVj0QAO7ZgZKEgiD+KN953NV2NstfaLVsiTOZgQo5kzMHdhWrwXC7FsSltR5nU/EyafvYlE3Ip7iWRw3Zm+Zn7MchJmdInQab09wDhLO7IWdCpBKoBmlTDanaDHxFWuI4wg8ImoCdoHRw43U5o6jmPcaUj3dadUw+NcAZgD6iD+/asl2r4FhhaZrOHAvXCADnJRQGDMVDGF2jQc62dhldFdTKsoYHyYSPkayfanB3bl9FRlRFTcmO8WM6DyAq7usseKrODcFwdu0v2+HN66Qc5ZzkEkwEAMbRrG806nCcKocJhbYz/ecvcdf8DMZSOopsYPEJ4WV/KYPz/WibHXE8dth5xI+I0+dTblPhfF+UX/APnkghHddIiQYkQd9T8aafg94ElHRjpAZSsRrOkiZjXyq1scURudTUvKdj+/elvZs3ds4nd7asY3SCAJnKAdeQ3HIUz/AD5Qw6si7lShyrA+7+IyB0rWLHKKMoOg9KDZezxO2+XI5DaZmEhI5gchMT5SKfTGZWLq3dIywTJAbKQy6mRuTzq1vcPtOZZFJ/EBDD3GtQ34HbBLIzox0kHNppp35kaDSgGMI6lYkd4gk6gsNdUH+JSelSLN0jcjKG2kGZY6yNSTIJnqRHWDf4NdE5Liaz4k1BPQidPKKimxi7cFbaMYKkq0yCFgtMEmQdfOgLlriN3lzLcaCQJJUREbd2BPTWaJcQGDxqiwrKVDM+VfEc2mYkidPu1TrxJwxDW2DNoTkIMRpAbRhuI5a60VvFwPBqYJEkDMpAVoB/CqiJoo0smICs6IpmRMlBoB3oPd8vUGNKzTI1y4uZvANZAGsjQa9VPyqdirpdiznMxEQOnQToKThLXfChFEkAay2p+VOSium8OIVEQcgB8qvbT1Q4UairW21dLnqzVqZxWNS0MzuFHnufQVDxvERbSYzNyA19z5eW9ZZy14l2YgAyQxVVJ00aVPpE6bVGWciscdtIe1NiQFzEnbwgH3mOmnnVhgeKW7pKo3eG6MMrDzg7jzFc+fEkOSjIxcZVCTlB/E+hEjrpzoPxFsNld3D6mDKzl0IZSBproRryqJnVXCfDp1CmMFiVu20uKTDqGHuKFa+zPTBduuy75P5jCgi6rFnVSe+GADaHTkNOevOoWN4WjIGRWTMoLJB0JHeHQ7kfnXSGE1BxGAVthlPlt7iudUcCwHD0a66OzAodAIEw0GSduVau3cKs8DMt62sgESHtnukTvo0H0FT+LdjrwxYuWwpQ6uZmNIIgexpnjGAFoIusSuoJBAZoJEeooyy+YqSXiq5LqE9D0Ig/A0g4lVBdRswk7ERowPsQanYnAXbf8AfXbUQ36Gq90zI6nxanUQf61G9NJyXiuJsdBp5iqrE4v8Ta1DdmMCfLSlWsGzbL8f39acij9u3dcBkQ5SSAxBykjcCN4kbVt+C/w9tXkDPii7kKwRFyIA3qczcx93UVm8BhntBszvlg9xSY89IIrTYDtCLVpFGXOVGimHBAggNzI2iKe5E83prOGYf7FBZO9qEnYEACCAdQIIqt45e76kMui8tTvzHvVJje0gdtXZMwByvo5MRy05VHWW1GnmdTWkyjP15WK3J5j4waX9qR/Wq9FYbH4gUsXSN59tvhTmRXE/cto/jRT7CfjvTDcNQ+BnT0Mj506Lk7AH5Glhh1j1p6l7hc/Bj+UvL4XV/WVP50k3rqavbb1XvfSppfKCxIAG5nQetU2L7ThQy2ysgeN1Mf5REk/D3qcscYqZZLG3xFDzjyPKpKuDzFc+ucRLsXdmzHUk/wBNBUuxxJl2bT41k0jbaU3dcAZidBqT5Cs9Y42w0PyqQ/FUdSCN9CPKls9Fvxu2ZWBH97OD6iNB71WOpcyGBHkZ9tKrsdcRWKr3tNyZAJ6egmoFt/Mg6QRp8acyP1XF1GWI0HkJn3p7DWx/OgIICiyhgnxeNtefiqss8Qur97MOjaz7jX51PwnGEVg7JlYa5gJ9zz+tVMvtNx+nT8KNaVi+JImUFkBbbMwHw61msRxVwgZkJBAJCgyVbnlOp0G3nUXE8Qw7wSykwBqSpEagcuuxq8vJ9M5j9rDHYoF3dZb7MjNqSGBjXOD3Y16CiRBeTMjEJztsJllIbc77UzgMSqrne2uZdFyNBYASPBAInrNC9xRssd1JBM6mBMQJjvgyIOmvlWfa7+hcQxWWGCgIU7hywATKsjEa6yunlPKstxe4zd9/DJyLsdSTMctTNWOIxQK537ttPAvMwIUnz8vOfQ+xnCnx+J+1uD+xtkEjlO6oPXc09HOOa6h2YtNbwlhGaGFtZHQkT+dCrOaFb6Y7pMHkAPXU0069akqKF+1EHrWAQSlU/aHgIxKFQ2R4IBiRr1jXcA1ovsutBbYFL12N6ZL/AIY6qA+rQJYA5SaouM8IzSxQTESPzrphFQcVwxXDAaSCIG2o+VVceBMrK4pg8LLlQAN9NdSN9Tv6VaW+HNIgEkHblWgw3ZDELicz95FnK5eTrtpy5/CtZheDhdwKUPLLlh8ZhXFpnZAGEkRosH7sET7zTXDOCtiLRe2iOoZkgNlaViYnffrW17S8G+2w5RD317y6xJAIj4E1Sfw0xA+wuWiIdLhJHPK4EH4qw9qVm7yrHKzHcZTEcKa0cmR0PJHmPaZ08xNJsO6iWKzzyEj5HeusYqyjjK6q4/CwB9/I1m+JdmbbSbblD+FpcfEnMPjSuN+FTyS9shhuKZtjmA01BX5xBrS9n+L4W2c19HLg6GFKL577+ZqlxXBnQ+GZ5r3vkwBHxNVlrDZGJLPJ85A/y6RSlyxp2Y5dN3xjia4iRaRQgEloXMY5zyHv+lZfEY5V8HeO0z3J9eft8qqMX9mQQy59NCBHxMVHS3nyl8ztplRQdCOgG5qve3oTxyd9Bdxty44EFiDq2qIv+Ecz61Fx+KRAEZs7DqFJ8tY3rR4fg1x/G32Q/CILn1J0X2n1qI2CXDPGVWI1BIIkeWulLnuiXHqM3mLnQD/CDJHlTV5QNYIPlI1rdfzeGvKBcRf8yhh7MNvlSbPC7KHOgB6ZmLgf4SdqNnIoeE8HuOAzsVU6gEd889uQ9a0dnCIiwqjzn8zzp1bg6/lQJ8v11pbGlXi+EW3k5cp6rp8tqrMTwZl1UB1AiBo0jc+daXL+zSHHL9zRBusknDXidjuB+p60OGo7uGjMEIMETLTCqY8xz2itM9sHlP78qZs2bKoUQ6lTmgnMA8kxPoPhTo3UZ+J3H8eVCPEYnXyFJLq6xnRvJkyn/UBVeicvanWtoEBDHP0IEH0NQvWkv+XCDuM9p5kqTKMp5ifnUm53zmMqirEbZo1JI5CST71VNcMKCeseWlQuMcRZlW2DEKM3noDV41Nnyb4rxA3nyr4FMKOp2mu1dk8Naw2GS1mCtALkiJdhLHXfp7VxPgNvNiLK9XQf7hXcmtMOU1WOWrtnn1pc/ar+IUKpPsh+Af6RQq/e/TPTTraApxxIijK9Ph+lFShGMlFFPsKQRTBAWjy0qiigG4ojbHpThFIINAMXEjlWG7NcMxFjE4l7qQHgZgO45zE5hHL9a34pL2gaVxEtksVGaRodfIfrUS/hX3JkeVXFzCg8o8xt/SmGtOm2ooDO4m8V0IK+mvxqE+AtONQQeoOvrWjuoj6MsGoV3g/NaQlYTidlrRIjMOTaqSOYMH6zTvYp1RnvODJ7iad0DdvnHwqw7SWnTJmSV7wMzvA2I/elH2FtF0uZlGUP3RyEjUD4Cok5a2/i08pc8ShvMVR9quHItgtmJAZe5zieu4FXb2lWcmh61RdpXYWgG1LuAD0jUn5VWXTPGcxk7r5gIAUKIAG1RbOLIJIPd5Fenn1pXFrmRIGhY5R77n4TTOHsrlEbaCsp1t0W64TrePnmD6b/AAqVbxZ5GR0qquYfp/UU2l1l31+tGvo5l9tFbxanTb12qQp/KPcx61n0xIbf+tPLiGXwMQYInTSeevOlu/J2S9Jl/iKo5RljeGOYBRqpeOfOP/VQsTjkDv8AZsJJ1Q6AsPwnkfkYpCYhXgXu8QdG206NG4+Rpt8SbYZMquGMg7ykbbakRFXLKi46JtifKmogml2WESBHkeXlSHnYbn9k1EaXqF4a01x1RQSSQgA3JO8e1Qe0fDmsYm7bZsxXKZG3eQNA9Jj2q97N8VtYa8LlxGZEGUFYkMecHfSfiKp+N8QOJxF2+RGdtB0UAKoPnAFaSam0W21L7CcPe7jLWVSQjZ3PJVXWSfWB713HJXKv4V4lxiXtr4GQs3SVIyn5ke9dbFXjGOd5NZPKhTtCnpCW+NRfvTEzGsRvJGg96jJxVG7wkLoM8oyGdpysYHmYrmXaTD3g1xmvreABuJaYlyoXV0WB9nKiSIEkA9Kl8K7QYZClnD53a8jFXulcuYCTayJAUkBonmPOlzZuK9ft1AGaSwrnSdpb9u0VVgPs9gVDNB8Op+7Oh5wRWr7Mce/mba51CXcodkBkZWJCus8iVPptSmUy6GWNi5y0MtLIoRVoJiiK0omhl60A3E026RUmKIrQEYNScgO2lPslIyUBFvWFO496ithGXwmrKgbfTSnoMb2yI/lmLCCrKRpzJy/Q1W9gmz2XTYq5B3G6qa2vEcCtxGRxowj99OtVfBuCthlYZ85LFiYiZ5nzgAe1Z2cr3PXSSuDCiSf1P6Vk+2e1s8g5+amtj9kW3rH9vuEkojhjCmDoTB1ObyB29hRl0MP9MNxq0HCAz4+W40OtMJh3XZwR/eX9DRYpHIEENBBEa9ff5U4mI0hu6fPas5xNN72PD4kzlcQw+BHUHnT7oDUd8OGUAnUbNznrSExDIQHHo3I/pTsEPNY/fOkq5HnUhbgPOia2D5VJmyFbyNMGxrB+eomnXsHyI6/qKR3oIO3z9jS19KmXxSsOunppptpTpsksAsljoB9YpVpeVXXZZAcZbDCdHMeYXSic5aGX+bVXxTsjibNsXmCsirmaGgoW3zKd9xtNUKLpXXu3tzLgbonxZF+LrPymuRgaVrlNM8LbNui/wnwYi/d59xB6asf/ABrosViP4XIRhnPW4fki1t1etMemOX+qEUKXnFCqQwtnhDwPtf7EGSBGa42XVsijy5msjb4/a4Xev2reHW6Q4Nt7oXOgKidVGqzBEEb1N4VxMqjNibz5TkYO5YtcdSQYUGXkeo0E1C4quGdkv3LRZyVU22OoRQCGypG401EVhL69t7N9LvH8YF22wt20QNkJ0JLB0L6Fuc5dBNVGGW5hHTHqQoQwyFgHuo2jKF3I5yYGgjUVVIVe6hAIA0Uu5JTkMsEIigRsPepN3iIdCDqw0af30qdzG7i5juaruuDxiXLaXUOZHUOpH4WEipMTv8q57/B/ipfD3MOx1suSs/8ATuSwHs2YfCuhHTat3PlNUU0KFCqSAoE0KFSCTSYpykmgG2FJIp2KJqAZpGT98qcIo4oBhk8o+lZjt2jLYDKJUOM46iCBPvHyrXRUbGYcOjIdiCCOUHejKbisbq7cU7M2iMchRSUKsHVoYZcupIiIzBTWv4vwfDup7oVuQUae68vUQanYTs0uGd2Qsc8CWMiBsAQKXewhM661EnHKrlzuOeY3g72/AdOm6/09/jUBrpGjr+YP761vcRgnGpE+dVeJ4cj6RB59Pcdamxpjn9sr9gDqjZfLdfhRDEunjXTquo/pVjiuDsmq/ESR78x86hMzp4hI6j961O2k56PWsSrDukVX3MVF1VXmTPvTzWkfVe6eq6H3pvDYHK+YnMBqDsZ86csLXK0UVc9lrZOKR4OVAxbylYHzNU6Ca0vYy4xe5b5QHB98pH0qMZ+R538U3+IdxnwwVFdu+pMKTCgEyY84rmKNNdruYUnnVdjOzFi7q6ifxAQ3xG9bWbYY5+vBX8NBGD9bj/RRWuqt4NgEw9pbSDurOp3JJkk1LusdFHPT0HOqnCMru7Jm4fCYHKhTs+VHTS4FgkZGlGZRkCguFZ15kq0QnlFTEQtJ36ux38ydyaVZtqGCqDccmMqglQYnWNhpuaRibitmBuqXVMzIhzKGBAK5hoYnlNYauXNde5jxDlgISYOY8zynyqHZszfcHmAflFJ4M2pHn9dakop/mRHMD6mq1xYnfMrXfw8H2WNyDQOjAjzXvD6H411ma5r2PwYGKR51Ab0AyEGulVePTHPskjpRq3xozREVogdACiDdaOakDNJijmgTQDZNEaUaTQBAUcUVGKoCIpu5T1JK1IRTUW9hA22n0qay0hqWjUt/DldI/MVAxGCRuWvXnPnWoy1Gv4NTtpS0GLxHD2XbUeVV17hyPygnpz9Rsa213DFdxUZ8Ih3EHrU3FUy055xDs447yifNd/cb/CfSquwjKSG3H7/exrp9zBsNtR5Vke06xcQdEn4kj8qm46jXDK5XVVCnStl2Jw0K9zmxCD0USfm3yrGsO7++tdC7Ip/8ZfNnP+8j8qnCc7V5b+K5o1FCKM1u5j00EEmfYfn+/Ko+YjbfapCPyoB2TQpGYUdAcF4piHc/Z2yVtfeUQmYydXjVhEaGhhsJpCAKOZ5/HnUhbQEltSdfjUsWQ+VJyFmTLmIllYalUGsAlRJ3rO71+nRxKi4UIr5VMmNaeuNkvI0gA6EnpI/U1ASEcGdYM9RDR9KY4pjw5ygabE+R0/SnJsneOzXBjZ776MRAHMA7z51f5qzHYLjZxWERnM3Lf9m/Usg0b/MsH3NaYVrJqMcuzgNEdKQG6UqaSRUYaKKjqgUTSCaLbahM0AVCKFFNSAoxQoxVAAKMinLS0txpQEO4Kay1IZaZNSDZoqXFJikZJHWo1zCA7afSpUUKArRaKnWuf9rf+ZYfhVR9T+ddT3rPcc7KW8QS6MUc+6mBAkcvapym4vCyXdcyc7Dqa6H2S/5VP8//AHtWP4pwG9YIzp3QfGNUPvy962vZeyRhrciNCdfNiR9ajGarTyXc4WoFJNONoKZJrVgMDX0+tKIoJ0p4tpQEbPQpLUKQcdseE1F4btfb7wUkN94HqDuKFCl8Vtfgze/X/tNVb+Ie1ChTxOuufwl2xH/1/wDlXSmoUKudMsuxmhQoU0FUQoUKAFIO49DQoUAqkGhQqQNacFChVA9bpyhQonQQr1NUKFSCDSjQoUGSaKhQpABQoUKAK4JUzrUazsKOhSMzepo8vX8qFCgi7e9OPtQoUBDoUKFBv//Z	Trendify private limited	keywords... godrej sofa set godrejsofaset furniture sofaset cushion	10
79	haley sofaset	69999	5	5	"Embrace Elegance and Comfort with the Haley Sofaset! 🛋️✨\n\nUpgrade your living space with the exquisite Haley Sofaset, designed to elevate your home's style and provide unmatched comfort. Crafted with precision and attention to detail, this sofaset exudes timeless elegance and modern charm, making it a focal point of any room.\n\nSink into luxury with plush, cushioned seats and soft, durable upholstery that enhances relaxation after a long day. The Haley Sofaset's ergonomic design ensures optimal support for your back and posture, making it perfect for hours of lounging, entertaining guests, or cozy movie nights with loved ones.\n\nExperience durability that stands the test of time, as the Haley Sofaset is built with high-quality materials to withstand daily use and retain its beauty for years to come. From its sturdy frame to the carefully selected fabric, every element is meticulously chosen to deliver durability and sophistication.\n\nDon't miss this opportunity to transform your living space into a haven of comfort and style. Whether you're looking to revamp your decor or create a welcoming atmosphere, the Haley Sofaset promises to be the ultimate addition to your home. Elevate your living experience and bring home the Haley Sofaset today!" 🏠💖	Timeless Elegance	Unmatched Comfort	Durable and Long-lasting	https://rajadigitalplanets.com/cdn/shop/products/61KydgWLemL_800x.jpg?v=1633516868	Trendify private limited	keywords... haley sofaset haleysofaset furniture sofaset cushion sofa	10
80	rectangular modern sofaset	49999	4	5	"Upgrade Your Living Space with our Sleek Modern Sofaset! ✨🛋️\n\nElevate the style and comfort of your home with our stunning Rectangular Modern Sofaset. Designed with a perfect blend of contemporary aesthetics and ergonomic comfort, this sofaset is the epitome of modern luxury.\n\nCrafted with high-quality materials, the sofaset's clean lines and minimalistic design make it a standout addition to any living room. Its spacious seating and plush cushions provide the ultimate relaxation spot for you and your guests, ensuring hours of cozy conversations or binge-watching your favorite shows.\n\nVersatility meets elegance with the rectangular design, allowing you to easily rearrange your living space and adapt to any interior layout. Whether you're entertaining friends, bonding with family, or simply unwinding after a long day, our Modern Sofaset promises an inviting ambiance for all occasions.\n\nUpgrade your living room and impress your guests with this sophisticated centerpiece. Don't miss out on the chance to transform your home into a modern oasis of comfort and style. Get the Rectangular Modern Sofaset now and experience the perfect blend of fashion and function!" 🛋️🏠	Contemporary Elegance	Uncompromising Comfort	Flexible Layout Options	https://5.imimg.com/data5/ANDROID/Default/2022/6/II/KF/FM/2217388/product-jpeg.jpg	Trendify private limited	keywords... rectangular modern sofaset rectangularmodernsofaset sofaset sofa furniture 	10
81	Water Bottles	299	20	5	Trndify offers a unique and innovative water bottle designed to keep you hydrated in style. This water bottle is not just your average container; it combines functionality and aesthetics to enhance your daily hydration experience. With a sleek and trendy design, the Trndify water bottle is not only a practical accessory but also a fashion statement. Its durable materials ensure long-lasting use, while the spill-proof cap and ergonomic shape make it easy to carry on the go. Stay hydrated in fashion with Trndify's sale of their premium water bottle.	Stylish Design:	Durable and Practical	Convenient On-the-Go Access	https://m.media-amazon.com/images/I/61P5RlOP5hL._AC_UF894,1000_QL80_.jpg	Trendify Products Limited...	keywords... water waterbottle bottle steelbottle steel	10
42	L shape sofa set	14999	4	5	"Upgrade your living space with our stylish and versatile L shape sofa set, available exclusively on Trendify! 🛋️ Crafted with premium materials and designed for ultimate comfort, this sofa set brings a touch of elegance and modernity to your home. Its clever L shape design optimizes space, making it the perfect centerpiece for any room. Whether you're hosting friends or enjoying a cozy movie night, our sofa set provides ample seating for everyone. Don't miss out on the opportunity to transform your living area into a chic and inviting sanctuary. Get the trendiest L shape sofa set now, and experience the epitome of comfort and style!"	Contemporary Elegance	Maximum Comfort	Space Optimization	https://5.imimg.com/data5/SELLER/Default/2022/9/CM/TZ/RA/4495906/l-shape-sofa-set.jpg	Trendify private limted	keywords... L shape sofa set Lshapesofaset sofa Lsofa cushion sofacushion 	8
52	asus rog laptop	99999	10	5	"Unleash Your Gaming Potential with ASUS ROG Laptop! 🎮💥\n\nExperience gaming like never before with the powerful ASUS ROG Laptop, designed to take your gaming adventures to the next level. Equipped with cutting-edge technology, the sleek and stylish ROG laptop boasts a lightning-fast processor, high-performance graphics, and an immersive display that brings your favorite games to life in stunning detail.\n\nUnleash your competitive edge with seamless multitasking and lightning-quick load times, ensuring you never miss a beat during intense gameplay. The advanced cooling system keeps the laptop running smoothly even during marathon gaming sessions, providing the edge you need to dominate your opponents.\n\nBeyond gaming, the ASUS ROG Laptop is a versatile workhorse, perfect for creative endeavors, content creation, and everyday computing tasks. Whether you're a hardcore gamer, a creative professional, or a tech enthusiast, this laptop is a must-have for those who demand the best in performance and style.\n\nJoin the elite league of gamers and tech aficionados today with the ASUS ROG Laptop. Don't miss out on this trendsetter—grab yours now and experience the future of gaming and computing!" 🚀💻	Unmatched Gaming Performance	Advanced Cooling System	Versatile for Work and Play	https://dlcdnrog.asus.com/rog/media/1640742394134.webp	Trendify private limited	keywords... asus rog laptop asusroglaptop laptop electronics gadgets gaming gaminglaptop	9
64	 greenlands grey travel bag	4599	5	5	"Explore the World in Style with Greenland's Grey Travel Bag! 🌍✈️\n\nIntroducing the ultimate travel companion - Greenland's Grey Travel Bag, designed to elevate your journeys with both style and functionality. Crafted with premium materials, this sleek and durable travel bag exudes sophistication while offering ample space to pack all your essentials.\n\nEmbark on your adventures with confidence, knowing that this versatile bag can handle it all. From weekend getaways to extended trips, the Greenland Grey Travel Bag provides smart organizing compartments to keep your belongings secure and easily accessible.\n\nIts ergonomic design ensures comfort during long travels, and the adjustable shoulder straps allow for a perfect fit, reducing strain on your back and shoulders. The bag's water-resistant properties protect your belongings from unexpected weather conditions, keeping them safe throughout your explorations.\n\nWith its timeless grey color, this travel bag complements any outfit and is suitable for any occasion, whether you're strolling through bustling city streets or trekking through rugged landscapes.\n\nUpgrade your travel game with Greenland's Grey Travel Bag, your reliable and stylish companion for all your globetrotting endeavors. Don't miss out on this must-have accessory - grab yours now and embark on unforgettable adventures!" 🌟🎒	Sophisticated Style, Durable Design	Smart and Spacious Organization	Comfortable and Weather-Resistant	https://assets.ajio.com/medias/sys_master/root/20230623/bacE/64952e0442f9e729d78c31dd/-1117Wx1400H-464803254-grey-MODEL.jpg	Trendify private limited	keywords...  greenlands grey travel bag  greenlandsgreytravelbag travelbag bag	8
70	birthday greeting card	159	2	5	"Capture the Perfect Birthday Moment with Our Enchanting Greeting Card! 🎂🎉✨\n\nCelebrate in style and make their day extra special with our delightful birthday greeting card! Crafted with love and attention to detail, this enchanting card features a charming design that will bring a smile to anyone's face. \n\nInside, you'll find ample space to pen your heartfelt wishes, turning this card into a cherished keepsake they'll treasure for years to come. Whether it's for a friend, family member, or a loved one, our birthday greeting card is the perfect way to express your love, appreciation, and warmest wishes on their special day.\n\nMake the birthday celebration unforgettable and send your heartfelt sentiments with our trendsetting greeting card. Spread joy, create memories, and make every birthday moment a cherished one with our captivating birthday greeting card!" 💌🎈💕	Captivating Design	Personal Touch	Unforgettable Gift	data:image/jpeg;base64,/9j/4AAQSkZJRgABAQAAAQABAAD/2wCEAAoHCBESFRgVEhUYGBgYGBgYGBgYGBgYGBgYGBgaGRgYGBgcIS4lHB4rHxgYJjgmKy80NTU1GiQ7QDs0Py40NTEBDAwMEA8QGhESHDQhJCs0NDQxNjQ0NDQ0NDE0NDQ0MTQ2NDQ0MTQ0MTE0NDQ0MTQxNDE3NDQ0NDExNDQxNDQ0NP/AABEIAQIAwwMBIgACEQEDEQH/xAAbAAACAwEBAQAAAAAAAAAAAAAABQECAwQGB//EAEEQAAIBAgMDBwoFAgQHAAAAAAECAAMRBBIhBTFRIkFhcXKRsQYTFTJSgaGywdEUIzNi4ZKiJDSC8BZCQ3ODwtL/xAAZAQEAAwEBAAAAAAAAAAAAAAAAAQIDBAX/xAAjEQEBAAICAgICAwEAAAAAAAAAAQIREjEDUSFBBRMEFHFh/9oADAMBAAIRAxEAPwD3AkyIXmiiZEIRoEmEI0CTaEI0C0LQkwC0kSIZhGheEoXXjKmuvERoawmBxKcZBxSxqrOiE5Til6ZU4wcDJ40dkJwNjugyBtA+z8Y400YyJCm4B6LyZUEJMiBN4SIQOcmcYxdyQBuNvrOpjFVD1qnaHyiXxnyiO38QYfiDMZBl+MS0OLPRAYs9E5sDrWYEXATnF9SwjcU09le4SLqDiOKbjI/FNxnf5pPZX+kSfMJ7C9wkbnpGy84pvalRXb2j3xmMPT9he4Q/DU/YXuEnc9Gy7znSe+GaMvwtP2B3SDhafsj4xuGy64lSRGX4On7Pxb7ypwNL2f7m+8cokulhGHo+nwP9TfeH4CnwP9Rk8obLiZBjH0fT/d3yPRycW7x9o5Q2WEQCxkdnU/afvH2h6OT2n71/+Y5RO2tE8leoTSVSiALXOnV9pcUxxPwmV7QISxXSVkAtCTCBwuYrw/rv1jwjRzpFWGPLfrXwl8e0R22lGEvIaaJc2zf1n6EX4s32joRLsrWrV7KD4vNvKLEtTw1R00OUAEbxmYLf4yut3Re3PtDyqw1FinKdgbHIAQDwLEgd151bI2/h8UctMlX35HADW4ixIPuM+WzbDV2purpoyMGHWD/vvm98M0vwmn2ES0qJaczJMISZAW7e2j+Gos4F20VAd2Y856AAT7p80xOKqVGzVHZ2POxv3Dm6hPonlXgHrYchBdkYOFG9rXBAHGxJ90+b2mHlt29z8bhhwt+9vSeSm2np1EpVGLI5CAE3yMdFyk8xNhbdrfr99PmfkzgGrYhLA5UdXc8wyHMovxJAFuvhPpkv47dOX8ljhj5Jx718iEITR5qrOFFybCYjG0zpm7wQO+L9p1CXy8y27yL3+M5Lw4fL/LuOVxk6eiEkRfsqoSCp5rEe+9xGEOvx5zPGZBt0pLtulJVqIQhA4XOkVYX9R/8AT9Y1eKsN+q/Uv1lp2R3WkONJcSr7pqOXZHr1T2B3BvvGmJw61EZHF1dSp9/DpizYvrVT+9fgv8xysoivnGP8lsXTYhE84vMy2vbpUm4PwjHyf8lKmdXxACqpDBLgsxBuM1tAvjPcCWE0vmys0tyukwgJMyUEmVdwouSAOJ0ErTrI/qsrdkg+EaTprF+J2NhajZ6lJCx1J1Uk9OUi/vjCEiza2OeWN3jbP8ZYbDU6a5aaKi8FAA6+uawgxAFybAbyYRbbd0QmOGxVOoCabo4BsSjK1jwNjpNoVLto4Vic6i/Ec+nPF602OgBPRaehhDl8n8XHLLlvTlwOHKLrvO/otuE6oQh0YYzDGYwNulJdt0pK1oIQhA4XivD/AKz9lfExq8V4f9duwPGWnZDALM6m6b2mNbcZoObYn/U7f/qscLE+wt1T/uH5VjlZSovaRLCceJxgQ2AufgJphMWKlxaxHxHROb+34f2/q38+mn68uPLXw6ZMJM6WTyG0MU1RySdAeSOYD7zFHZSGUkEbiN82x+Eak5UjS91PMR95iiFiAouTuA3zpmtOqa09dgMR5xFc7yNesGx8J0TnwGH82iod4GvWTc+M6Jz5d/Dny7+BFXlNg6lfDOlL1zlNr2zAMCVv0gRrCUs3NKvEeRWx8TSrNUqI1NMhUhtC5JBFl4C17z28JIkY4zGahJpEDpqZMiomZSOII7xaXK4jtAX0U248/dOxWBFxuMVHDPe2U/TvjOgmVQOEnKT6ZeO5W3k0bdMzNH3TK0zrcQhaEDiaK6H+YPYPiI0aK6X+Y/8AG3zLJncIaTDEbjOi05sT6pmow2D6jHi7fSOVifyf/T63f5rfSOFEoi9uHG4VmbMut9459Oea7PwrISzaG1gPv3TsEkTh/oeH9/7vnfevrbX92XHj9JEtIEmdrFV0VhZgCOBFx3GUpUKaeoqr1ACc2L2klPQcpuA3DrM4/wAbUdrXsLAgDTfbn388rlnIm3R0TIDDjPOpgapdzlNmylSSN415+szbEbOqnKQgJV1carutyt54kynPL0k9hFXLT2h4faW9J5WRXFwxIzDmIFxcc8meSffwqZzxX/E+J/E5CoyecyZMvKtmy79+bn4T2aVFYXUgjomZwtPPnyLnH/PlGb+rfLWW9V0eHyYYcuWO9z4/42hCZVMQq6bz0SM88cJvK6jCY234ayRMExKnQ6TeMPLhnN43abjZ2l90ymrTOTQQkwgcDRWB/iF6UYfEH6RoYsfSunU3hJ+yGk5MaeSZ1CcmPPJPVNRn5PD8odp/nMciKfJ4fkp1v87Ts2jUdKTtTF3CMVFr3IGmnP1TOp1vLTtEkTxnkbtTFVarrUdnTISSw9VgQBYjde55PR0T2YkTLc208/hviy427/xIijamPI5FM24sO6wPN1ztx9fIthe5323gc5+k46ODWowuhAW+8ndfTSwkZbvxGO3JgNnNU5R0X4nqj2jhkQWUe/n75sqgCwnHtfFNSou6WzhSEve2duSl7c2YreJjIl1wiXCY2nh1VGdnzKHUlgxKqh5TEnVn83Uc205J4aynlNhWCkF+WVCDIbvnpmqhUbwCoOrW5uYgywczjxWzkqZT6pVgwtuNuYj7SMNtWjUy5H9coqggglnpeeUdeTXonbIuMvYV4ZXSowVLXAOraHpHx1jQGVqJcaWBF7E62/iL6NSqtQecdMpFio5iL25pPx1Ia2ZGKla+vHXvjacVXCkHk6jw6J535DxZ54y4Teu2niykvywjGgbqJyJh2O/SdyAAWEy/H+HPHK5ZTU0t5cpZqJaUl3MyvPUYrXhKQgcUWYj9an1t8hjOLsWPzKZ/cflaTCGV5xbQPJPVO2LtqGyHqmpG+wR+QnUfixjVZ5jZm2kp00Qoxyi1xbWd6eUFP2H/ALfvI430txy9HSi26SIoXb1L2X7l+8k7epWOj7uA+8cb6OOXpnX2jd3VUdt6iw05Jtv4XzR1RWwF951PduixKbh0DZ/Vyk8kDdbcDfnjLEUs65bkXK3IJByhgWFxqLi4uOMz187MtdRqRMMVhkqrkqC6kqSN18jBx7rqJ4TArTP4Z6arSrvi6gaoqeaQ0ErVAabsAEcsqqoU3Ykg8TPc4nGU6dzUYKFCk855TZFGUcoktoNNToNZKpdW2KnmStvOOqMKZbkm+R0Ub7WOdr30JcnhbGt5OUyaYUMLl2dwwzj/AAxw6BSdwCGwAGlr79Ywq7URKiUyjkurMjKudSEy3PJuQOWurADUcYt9IValasUYqlJ1w9NQAfO19HqM2lyqA5bDcA5O4WCRsRDWpFKWRKbOxC3VCFpmig38ospBNhayANewj+cG2NqjDBOQXLl7KDayU0ao7bjzJYDnZlFxe4YkQKzg2k2Qo/K1OU5FUm/vHAHujCYYwcg9BB+Iv8CYInCVC63IYWJFmFjpzzaY03AzXIG4i54j+JqHXiO+VnRRJELiSDLaEVJlNnEzlREJMIHBF+O9emf3j4gid84No70P708YIY3iza3qHqjIRZtg8g9U1+kzt5yj6o6puswpbh1CbrNsenVF1MGGh6jASZI9UmCRHRwWY3sCzE7x3bo0BiVMdT80jl1BAW92F7jktp13jhHBAI3EXHvnLqT4jly39vL7ZdcPgKlKoudvNOGC+qHqFslmO9i5GUAFr2Nraivoiq6GpjDnD4XD+dW/LR6Geq4QAWuXKa3vyW6J6N8JSZw7IhddVcqpZTYi4Yi4NiR7zN40h5bZeIr1KuGqOC7DB5S4FkatWai73KiwCqqknrAFxac3kxiqiC7pvp4mobghzUbFZVCgnk53z6DTkpPZIgUAKAANwAsB1ATN8OjOHKgsosG5wN/j3QPF7MotUxNFsUKiVKdB3q5xrUqvWQZKepuilFsF0IIHOb64/D462IQITVehiCjIxszVqtkXzhUBSlKmigX1LdN57MoCQSBcXsbai++x5phjaTuFC7g12XMVzrY8ksASBmynptY6EwEey9p1amMxKZWyJTw4VSwslzWLPU5ldtOSNdFBtY2eY4nI2UXNtBe1zcWFzunNszAtTapUqZc9VluqaoiIuREUkAkAXN7DVjoBadeJTMAt7XNzbgNfG0mBDj3qFFLqqjS1jc3AYa80XTtx4ChV1vck39wHg04hNsMdR0Y9Cwk3kGEtpL1WzT+UnV9TOi85tnn8pOz9TNrzly7rny7XhKXkyEOATh2nuU/vT5hO0Th2qeSO0nzCCO8GKdtNyD1RpmifbjcgzW9JnZLS3DqE2WY0t02E2jqi4lpQS4kpd2zCpDp5tWY3ZSQL6AAjXqB756DZtUlAGAB1t7t88pScqwZTYg3Eb4TEu6qQVWz2IO8X+kw8kmMuTLPHb0UW7XqlWoAO6B6pVitvVFKo5uCDe5QDdfXSdeHxKvpcZujn6pq6A2uAbG4uL2PEcDrKS76YWaJsPtis1A1XoFT5ykLZswCVKiKxYgXDIrtmGoBRrmVw3lEKhp5KTkO9VWIvdAlZ6SkpbMzHLmKjVRvjjEIzDkkDW9jex0NgbEG17G19bW55TAYRaKIi65b62AuzMWc2G67Em0Dl2TtqniQClxdKb8f1UZwvaChSe2vGMphQwVKmzOiBWewa2g5IsLDcu4brXsL7pvAIueuHduUQAAABwF7sT7+60rtTGgIxQnSxJA9YXFwL83j1b+HaGLuSFvygAdebhp7pMlt1GmOPtw4hwzEjdfS/DmvMxJkidMbK2haWtJEUelwA/KTszWUwX6adkTW05Mu3Le1YS1oSAuWcO2PUPQQfiJ3CcW2R+W3VBHTmiTb78gxxfSItvtyDNb0tj24UE1WZ05qs3jpXWWEqJYQkTWk5Q3G/pFwesTMS0iyZTVQbPtFGAsGDAnS4G/XQjfOmhthhoy3HXr/MQWmiuR/MjhFeGL1KbTpEXJK9YP0vNKmPpKLs4A3bm+08t524Itvt8JpiqwqJl1vp/P1meWHpT9c29C+0UBsASb24DcTqTrzcJwLjWqrdrAAkFRu0PPx5t8XNiucDXTfxHRMS51HMSSRzXPPJmF2vMMY7MViVIKjW+883u4zjkCTNJJEpEJUS0kTJEi8kQh6fB/pp2F8JrMsJ+nT7C+Ams5Mu3Ne0QkwkBcJw7XH5T9k+E7gZybUF6b9k+EEQG0v0RDt9uT7xHdE8heyPCINvN6vaE1vS+PbNDNRMVmqzd0NBJEqssIFpMreSDAsDLXlAZYGBYSZW8kGShYGTKybwJEkyBJkCBJkGTAmWEpJEIr1WG9ROwvyiaTOj6idhflEuDOTLtzXsQhCQFwmGOF0bqM1lMV6h6jJHBh35CdlfARHttrlO0viI2wrflp2F8BEu125adseM0vUXx7XWXEzWXE3dDRZYSgkgwLyZW8tJAJYGVhCFwZMoJa8CwMsDMwZaBcGF5QGWvAm8LyLybwJvCRJkK16un6q9lfASZC7h1Dwhecl7c9WvCVvCQF8rV1U9UtKvukhLhTyF7IHdpE21T+Yg/dHGG9QdbDuYiJNom9VOs+Bmn1F8O3UssDKLLzobrCWEoJYQLyRKS0C14CQJIgTJkCTAkQkXloEiTKiSYFoSBLAQAQhaTaFHq+YdQ8JEsebqErOOsKIQhIRsukPukiVqHSSQiwzcg9p/nMS4xr10/wBXymOMKLqe0/ztFeJoHzqtzC/xBE1k+I0w7dAlryoMtN26VMuJRZYGBYS0rJECwhIEmAAyZEm8CQZN5QGTeBcSbzMGXgWBllMoJYQqsJMgQhD1ryss8qJyVz1MIQkGi6Qy3EkSRBC3D7PKXG/lMR7zf6yauzgw1jGBl5lYnZUNjpxPfJGx04t3j7RpaAk88k8r7LV2PT4t3j7Sw2TT4t3j7RlaFo5ZHK+y8bJp8W7x9pPoinxbvH2jESwjnUcsvZb6Ip8W7x9oHZCe03ePtGdpMcsk8r7K/Q6e03w+0j0OvtN8I1EmOeRyy9lHodfbb4Q9ED2z3CNrQIjnkc8vZR6IHtnuh6I/f/b/ADG8BHPI55eyn0Qfb/t/mT6JPtf2/wAxrLRzyOeRT6Jb2x3fzD0U3tD4xtJjnkc60ZrwEqJYTNRMIQhOy4yRCEEEIQkxIkiEIVWEIQgSJYQhAkSYQgAkmEIEGEIQAwEIQCWMIRREkQhIFpcQhCamEIQh/9k=	Trendify private limited	keywords... birthday greeting card birthdaygreetingcard greetingcard birthdaycard	8
19	Nikon camera	45000	13	5	"Capture life's moments in stunning detail with our state-of-the-art camera, now available on Trendify! 📸 Unleash your creativity and take your photography skills to new heights with this sleek and powerful device. From breathtaking landscapes to captivating portraits, our camera's advanced features ensure every shot is picture-perfect. Share your masterpieces instantly on social media and impress your friends with the stunning image quality. Don't miss this opportunity to upgrade your photography game and become a trendsetter! Get the latest camera now, exclusively on Trendify!"	Uncompromising Image Quality	Seamless Connectivity	Intuitive User Experience	https://th.bing.com/th/id/OIP.m8Eo6MFVCq83_-X4c8q2NAEkDV?pid=ImgDet&rs=1	Trendify products limited	keywords... camera cam dslr photo video image	22
49	oneplus11 5g mobile	59999	4	5	"Empower your tech-savvy lifestyle with the sleek and powerful OnePlus 11 5G mobile, designed for modern women on the go! 💃💻 Stay connected and ahead of the curve with lightning-fast 5G connectivity, ensuring you never miss a beat in this fast-paced world. Its elegant design and lightweight build make it a stylish companion that fits perfectly in your hand or purse. Capture stunning selfies and share your adventures with the world using the high-resolution front camera. With top-notch performance, a user-friendly interface, and an array of cutting-edge features, the OnePlus 11 5G is the ultimate choice for the empowered woman of today. Upgrade your tech game now, exclusively on Trendify!"	Lightning-Fast 5G Connectivity	Stylish & Lightweight Design	High-Resolution Selfies	https://www.jiomart.com/images/product/original/493665045/oneplus-11-5g-256-gb-16-gb-ram-eternal-green-mobile-phone-digital-o493665045-p598159053-0-202302081921.jpeg?im=Resize=(420,420)	Trendify private limited	keywords... oneplus11 5g mobile oneplus115gmobile electronics gadgets mobile phone oneplus 	15
48	iphone 14 pro max	149999	9	5	"Introducing the iPhone 14 Pro Max - The Perfect Mobile Companion for Women! 💁‍♀️📱 Elevate your digital lifestyle with this stylish and powerful device designed to cater to your every need. With its sleek design and chic color options, it's the ultimate fashion accessory that fits right into your modern lifestyle.\n\nCapture Stunning Memories: The iPhone 14 Pro Max boasts an advanced camera system that lets you capture every moment in breathtaking detail. Whether it's stunning selfies or picturesque landscapes, the phone's cutting-edge technology ensures your photos always look their best.\n\nSeamless Performance: Experience unparalleled performance with the iPhone 14 Pro Max. Its lightning-fast processor and ample storage space let you multitask effortlessly, and its long-lasting battery keeps up with your busy day, making it the perfect companion for women on the go.\n\nStay Connected in Style: From keeping in touch with loved ones to managing your professional life, this iPhone keeps you connected in style. Its intuitive interface and user-friendly features make it a breeze to use, while its secure ecosystem ensures your data is always protected.\n\nUpgrade to the iPhone 14 Pro Max now and embrace the perfect blend of fashion, functionality, and innovation - exclusively on Trendify!"	Fashion-forward Design	Exceptional Camera Capabilities	Empowering Performance	https://m.economictimes.com/thumb/msid-91597651,width-1200,height-900,resizemode-4,imgsize-18746/iphone-14.jpg	Trendify private limited	keywords... iphone 14 pro max iphone14promax mobile iphone electronics gadgets 14promax 14pro 14 applephone apple	3
77	sony dslr camera	87599	6	5	"Capture Life's Brilliance with Sony DSLR Camera! 📸✨\n\nUnleash your inner photographer with the cutting-edge Sony DSLR Camera, designed to elevate your photography skills and capture stunning moments in exquisite detail. This feature-packed camera boasts a high-resolution sensor, delivering breathtakingly sharp and vibrant images that will leave everyone in awe.\n\nWith its fast and accurate autofocus system, never miss a perfect shot again, whether it's a fast-paced action scene or a serene landscape. The Sony DSLR Camera empowers you to express your creativity and unleash your artistic vision, making it the ultimate tool for aspiring photographers and professionals alike.\n\nErgonomically designed for comfort and ease of use, this camera feels like an extension of your hand, allowing you to focus on framing the perfect shot. Plus, its intuitive controls and user-friendly interface make it a breeze to navigate, even for beginners.\n\nShare your passion for photography with the world using the built-in Wi-Fi and NFC capabilities, enabling instant sharing of your masterpieces on social media or with your loved ones. Preserve memories in stunning quality and create a visual diary that lasts a lifetime.\n\nExperience photography like never before with the Sony DSLR Camera. Don't miss this opportunity to take your creativity to new heights and make every shot a masterpiece. Get yours today and embark on a journey of visual storytelling!" 🌟📷	Uncompromising Image Quality	Swift and Precise Autofocus	Seamless Connectivity and Sharing	https://5.imimg.com/data5/EG/FW/KF/SELLER-20900427/sony-alpha-7r-iii-500x500.jpg	Trendify private limited	keywords... sony dslr camera sonydslrcamera dslrcamera electronics sonycamera	9
\.


--
-- Data for Name: reviews; Type: TABLE DATA; Schema: public; Owner: dhanushit419
--

COPY public.reviews (id, username, review) FROM stdin;
3	user	Its a valuable Product 📱Good conectivity📶
3		Its a valuable Product 📱Good conectivity📶Good 5G Experience.Thank You Trendify For this product ❤️✨
3		loved it
5	Dhanush419	Gud one ✨
6	Dhanush419	comfortable Product
5	user	Nice product
5	user	its a valuavable product worth for money
5	user	hi
38	test	Good sound effect 🔊
2	Dhanush419	Nice Design ❤️❤️❤️
4	Dhanush419	good hoodie ✨
2	Dhanush419	❤️❤️
48	Dhanush419	nice one
19	Dhanush419	nice camera
19	Dhanush419	nice one dude
5	shashi12	worth
5	Dhanush419	nice one
54	Dhanush419	Wowwww
3	Dhanush419	Bad mobile not worth for cost
\.


--
-- PostgreSQL database dump complete
--

